Protein1_STRING_ID	Protein2_STRING_ID	Combined_Score	Protein1_Name	Protein2_Name	Protein1_Ensembl_Gene_ID	Protein2_Ensembl_Gene_ID
10090.ENSMUSP00000000028	10090.ENSMUSP00000000505	999	Cdc45	Mcm7	ENSMUSG00000000028	ENSMUSG00000029730
10090.ENSMUSP00000000058	10090.ENSMUSP00000007799	999	Cav2	Cav1	ENSMUSG00000000058	ENSMUSG00000007655
10090.ENSMUSP00000000175	10090.ENSMUSP00000010007	999	Sdhd	Sdhb	ENSMUSG00000000171	ENSMUSG00000009863
10090.ENSMUSP00000000188	10090.ENSMUSP00000006911	999	Ccnd2	Cdk4	ENSMUSG00000000184	ENSMUSG00000006728
10090.ENSMUSP00000000299	10090.ENSMUSP00000001055	999	Itgb2	Icam2	ENSMUSG00000000290	ENSMUSG00000001029
10090.ENSMUSP00000000312	10090.ENSMUSP00000001592	999	Cdh1	Jup	ENSMUSG00000000303	ENSMUSG00000001552
10090.ENSMUSP00000000312	10090.ENSMUSP00000007130	999	Cdh1	Ctnnb1	ENSMUSG00000000303	ENSMUSG00000006932
10090.ENSMUSP00000000451	10090.ENSMUSP00000002487	999	Raf1	Braf	ENSMUSG00000000441	ENSMUSG00000002413
10090.ENSMUSP00000000505	10090.ENSMUSP00000000028	999	Mcm7	Cdc45	ENSMUSG00000029730	ENSMUSG00000000028
10090.ENSMUSP00000000505	10090.ENSMUSP00000006760	999	Mcm7	Cdt1	ENSMUSG00000029730	ENSMUSG00000006585
10090.ENSMUSP00000000756	10090.ENSMUSP00000003521	999	Rpl13	Rps11	ENSMUSG00000000740	ENSMUSG00000003429
10090.ENSMUSP00000000767	10090.ENSMUSP00000012627	999	Rpa1	Rpa3	ENSMUSG00000000751	ENSMUSG00000012483
10090.ENSMUSP00000000808	10090.ENSMUSP00000010605	999	Il12rb1	Il12rb2	ENSMUSG00000000791	ENSMUSG00000018341
10090.ENSMUSP00000001055	10090.ENSMUSP00000000299	999	Icam2	Itgb2	ENSMUSG00000001029	ENSMUSG00000000290
10090.ENSMUSP00000001147	10090.ENSMUSP00000001181	999	Col6a1	Col6a2	ENSMUSG00000001119	ENSMUSG00000020241
10090.ENSMUSP00000001181	10090.ENSMUSP00000001147	999	Col6a2	Col6a1	ENSMUSG00000020241	ENSMUSG00000001119
10090.ENSMUSP00000001258	10090.ENSMUSP00000004202	999	Uhrf1	Dnmt1	ENSMUSG00000001228	ENSMUSG00000004099
10090.ENSMUSP00000001327	10090.ENSMUSP00000006101	999	Itgb7	Itgae	ENSMUSG00000001281	ENSMUSG00000005947
10090.ENSMUSP00000001559	10090.ENSMUSP00000006178	999	Itfg2	Kptn	ENSMUSG00000001518	ENSMUSG00000006021
10090.ENSMUSP00000001592	10090.ENSMUSP00000000312	999	Jup	Cdh1	ENSMUSG00000001552	ENSMUSG00000000303
10090.ENSMUSP00000001592	10090.ENSMUSP00000007130	999	Jup	Ctnnb1	ENSMUSG00000001552	ENSMUSG00000006932
10090.ENSMUSP00000001812	10090.ENSMUSP00000002708	999	Smo	Shh	ENSMUSG00000001761	ENSMUSG00000002633
10090.ENSMUSP00000001927	10090.ENSMUSP00000002678	999	Ltbp1	Tgfb1	ENSMUSG00000001870	ENSMUSG00000002603
10090.ENSMUSP00000002452	10090.ENSMUSP00000005647	999	Ndufa11	Ndufs3	ENSMUSG00000002379	ENSMUSG00000005510
10090.ENSMUSP00000002452	10090.ENSMUSP00000013737	999	Ndufa11	Ndufs2	ENSMUSG00000002379	ENSMUSG00000013593
10090.ENSMUSP00000002452	10090.ENSMUSP00000014438	999	Ndufa11	Ndufa2	ENSMUSG00000002379	ENSMUSG00000014294
10090.ENSMUSP00000002487	10090.ENSMUSP00000000451	999	Braf	Raf1	ENSMUSG00000002413	ENSMUSG00000000441
10090.ENSMUSP00000002487	10090.ENSMUSP00000005066	999	Braf	Map2k1	ENSMUSG00000002413	ENSMUSG00000004936
10090.ENSMUSP00000002529	10090.ENSMUSP00000008517	999	Prpf6	Prpf31	ENSMUSG00000002455	ENSMUSG00000008373
10090.ENSMUSP00000002678	10090.ENSMUSP00000001927	999	Tgfb1	Ltbp1	ENSMUSG00000002603	ENSMUSG00000001870
10090.ENSMUSP00000002678	10090.ENSMUSP00000007757	999	Tgfb1	Tgfbr1	ENSMUSG00000002603	ENSMUSG00000007613
10090.ENSMUSP00000002708	10090.ENSMUSP00000001812	999	Shh	Smo	ENSMUSG00000002633	ENSMUSG00000001761
10090.ENSMUSP00000002818	10090.ENSMUSP00000010536	999	Ykt6	Gosr1	ENSMUSG00000002741	ENSMUSG00000010392
10090.ENSMUSP00000003038	10090.ENSMUSP00000007216	999	Ap2a2	Ap2m1	ENSMUSG00000002957	ENSMUSG00000022841
10090.ENSMUSP00000003152	10090.ENSMUSP00000007444	999	Stk11	Strada	ENSMUSG00000003068	ENSMUSG00000069631
10090.ENSMUSP00000003154	10090.ENSMUSP00000006614	999	Efna2	Epha2	ENSMUSG00000003070	ENSMUSG00000006445
10090.ENSMUSP00000003320	10090.ENSMUSP00000004910	999	Eif2b5	Eif2b2	ENSMUSG00000003235	ENSMUSG00000004788
10090.ENSMUSP00000003521	10090.ENSMUSP00000000756	999	Rps11	Rpl13	ENSMUSG00000003429	ENSMUSG00000000740
10090.ENSMUSP00000003521	10090.ENSMUSP00000008812	999	Rps11	Rps18	ENSMUSG00000003429	ENSMUSG00000008668
10090.ENSMUSP00000003529	10090.ENSMUSP00000005749	999	Paf1	Ctr9	ENSMUSG00000003437	ENSMUSG00000005609
10090.ENSMUSP00000003536	10090.ENSMUSP00000012259	999	Med29	Med15	ENSMUSG00000003444	ENSMUSG00000012114
10090.ENSMUSP00000003687	10090.ENSMUSP00000007757	999	Tgfb3	Tgfbr1	ENSMUSG00000021253	ENSMUSG00000007613
10090.ENSMUSP00000003726	10090.ENSMUSP00000009699	999	Brd4	Cdk9	ENSMUSG00000024002	ENSMUSG00000009555
10090.ENSMUSP00000004202	10090.ENSMUSP00000001258	999	Dnmt1	Uhrf1	ENSMUSG00000004099	ENSMUSG00000001228
10090.ENSMUSP00000004330	10090.ENSMUSP00000004949	999	Ikbkg	Traf6	ENSMUSG00000004221	ENSMUSG00000027164
10090.ENSMUSP00000004396	10090.ENSMUSP00000013304	999	Atp6v1f	Atp6v0d1	ENSMUSG00000004285	ENSMUSG00000013160
10090.ENSMUSP00000004910	10090.ENSMUSP00000003320	999	Eif2b2	Eif2b5	ENSMUSG00000004788	ENSMUSG00000003235
10090.ENSMUSP00000004949	10090.ENSMUSP00000004330	999	Traf6	Ikbkg	ENSMUSG00000027164	ENSMUSG00000004221
10090.ENSMUSP00000005066	10090.ENSMUSP00000002487	999	Map2k1	Braf	ENSMUSG00000004936	ENSMUSG00000002413
10090.ENSMUSP00000005630	10090.ENSMUSP00000007250	999	Msh4	Msh5	ENSMUSG00000005493	ENSMUSG00000007035
10090.ENSMUSP00000005647	10090.ENSMUSP00000002452	999	Ndufs3	Ndufa11	ENSMUSG00000005510	ENSMUSG00000002379
10090.ENSMUSP00000005647	10090.ENSMUSP00000013737	999	Ndufs3	Ndufs2	ENSMUSG00000005510	ENSMUSG00000013593
10090.ENSMUSP00000005647	10090.ENSMUSP00000014438	999	Ndufs3	Ndufa2	ENSMUSG00000005510	ENSMUSG00000014294
10090.ENSMUSP00000005714	10090.ENSMUSP00000010520	999	Ube2m	Nedd8	ENSMUSG00000005575	ENSMUSG00000010376
10090.ENSMUSP00000005749	10090.ENSMUSP00000003529	999	Ctr9	Paf1	ENSMUSG00000005609	ENSMUSG00000003437
10090.ENSMUSP00000006101	10090.ENSMUSP00000001327	999	Itgae	Itgb7	ENSMUSG00000005947	ENSMUSG00000001281
10090.ENSMUSP00000006178	10090.ENSMUSP00000001559	999	Kptn	Itfg2	ENSMUSG00000006021	ENSMUSG00000001518
10090.ENSMUSP00000006614	10090.ENSMUSP00000003154	999	Epha2	Efna2	ENSMUSG00000006445	ENSMUSG00000003070
10090.ENSMUSP00000006760	10090.ENSMUSP00000000505	999	Cdt1	Mcm7	ENSMUSG00000006585	ENSMUSG00000029730
10090.ENSMUSP00000006760	10090.ENSMUSP00000006898	999	Cdt1	Gmnn	ENSMUSG00000006585	ENSMUSG00000006715
10090.ENSMUSP00000006898	10090.ENSMUSP00000006760	999	Gmnn	Cdt1	ENSMUSG00000006715	ENSMUSG00000006585
10090.ENSMUSP00000006911	10090.ENSMUSP00000000188	999	Cdk4	Ccnd2	ENSMUSG00000006728	ENSMUSG00000000184
10090.ENSMUSP00000007130	10090.ENSMUSP00000000312	999	Ctnnb1	Cdh1	ENSMUSG00000006932	ENSMUSG00000000303
10090.ENSMUSP00000007130	10090.ENSMUSP00000001592	999	Ctnnb1	Jup	ENSMUSG00000006932	ENSMUSG00000001552
10090.ENSMUSP00000007216	10090.ENSMUSP00000003038	999	Ap2m1	Ap2a2	ENSMUSG00000022841	ENSMUSG00000002957
10090.ENSMUSP00000007250	10090.ENSMUSP00000005630	999	Msh5	Msh4	ENSMUSG00000007035	ENSMUSG00000005493
10090.ENSMUSP00000007444	10090.ENSMUSP00000003152	999	Strada	Stk11	ENSMUSG00000069631	ENSMUSG00000003068
10090.ENSMUSP00000007708	10090.ENSMUSP00000009774	999	Ppp2r1a	Ppp2cb	ENSMUSG00000007564	ENSMUSG00000009630
10090.ENSMUSP00000007757	10090.ENSMUSP00000002678	999	Tgfbr1	Tgfb1	ENSMUSG00000007613	ENSMUSG00000002603
10090.ENSMUSP00000007757	10090.ENSMUSP00000003687	999	Tgfbr1	Tgfb3	ENSMUSG00000007613	ENSMUSG00000021253
10090.ENSMUSP00000007799	10090.ENSMUSP00000000058	999	Cav1	Cav2	ENSMUSG00000007655	ENSMUSG00000000058
10090.ENSMUSP00000008517	10090.ENSMUSP00000002529	999	Prpf31	Prpf6	ENSMUSG00000008373	ENSMUSG00000002455
10090.ENSMUSP00000008812	10090.ENSMUSP00000003521	999	Rps18	Rps11	ENSMUSG00000008668	ENSMUSG00000003429
10090.ENSMUSP00000009699	10090.ENSMUSP00000003726	999	Cdk9	Brd4	ENSMUSG00000009555	ENSMUSG00000024002
10090.ENSMUSP00000009774	10090.ENSMUSP00000007708	999	Ppp2cb	Ppp2r1a	ENSMUSG00000009630	ENSMUSG00000007564
10090.ENSMUSP00000010007	10090.ENSMUSP00000000175	999	Sdhb	Sdhd	ENSMUSG00000009863	ENSMUSG00000000171
10090.ENSMUSP00000010520	10090.ENSMUSP00000005714	999	Nedd8	Ube2m	ENSMUSG00000010376	ENSMUSG00000005575
10090.ENSMUSP00000010536	10090.ENSMUSP00000002818	999	Gosr1	Ykt6	ENSMUSG00000010392	ENSMUSG00000002741
10090.ENSMUSP00000010605	10090.ENSMUSP00000000808	999	Il12rb2	Il12rb1	ENSMUSG00000018341	ENSMUSG00000000791
10090.ENSMUSP00000012259	10090.ENSMUSP00000003536	999	Med15	Med29	ENSMUSG00000012114	ENSMUSG00000003444
10090.ENSMUSP00000012580	10090.ENSMUSP00000014562	999	Hps3	Hps5	ENSMUSG00000027615	ENSMUSG00000014418
10090.ENSMUSP00000012627	10090.ENSMUSP00000000767	999	Rpa3	Rpa1	ENSMUSG00000012483	ENSMUSG00000000751
10090.ENSMUSP00000013304	10090.ENSMUSP00000004396	999	Atp6v0d1	Atp6v1f	ENSMUSG00000013160	ENSMUSG00000004285
10090.ENSMUSP00000013737	10090.ENSMUSP00000002452	999	Ndufs2	Ndufa11	ENSMUSG00000013593	ENSMUSG00000002379
10090.ENSMUSP00000013737	10090.ENSMUSP00000005647	999	Ndufs2	Ndufs3	ENSMUSG00000013593	ENSMUSG00000005510
10090.ENSMUSP00000013737	10090.ENSMUSP00000014438	999	Ndufs2	Ndufa2	ENSMUSG00000013593	ENSMUSG00000014294
10090.ENSMUSP00000014438	10090.ENSMUSP00000002452	999	Ndufa2	Ndufa11	ENSMUSG00000014294	ENSMUSG00000002379
10090.ENSMUSP00000014438	10090.ENSMUSP00000005647	999	Ndufa2	Ndufs3	ENSMUSG00000014294	ENSMUSG00000005510
10090.ENSMUSP00000014438	10090.ENSMUSP00000013737	999	Ndufa2	Ndufs2	ENSMUSG00000014294	ENSMUSG00000013593
10090.ENSMUSP00000014562	10090.ENSMUSP00000012580	999	Hps5	Hps3	ENSMUSG00000014418	ENSMUSG00000027615
10090.ENSMUSP00000000756	10090.ENSMUSP00000008812	998	Rpl13	Rps18	ENSMUSG00000000740	ENSMUSG00000008668
10090.ENSMUSP00000001051	10090.ENSMUSP00000014370	998	S100a6	Cacybp	ENSMUSG00000001025	ENSMUSG00000014226
10090.ENSMUSP00000001319	10090.ENSMUSP00000006112	998	Efnb2	Ephb3	ENSMUSG00000001300	ENSMUSG00000005958
10090.ENSMUSP00000001712	10090.ENSMUSP00000004222	998	Cabin1	Hira	ENSMUSG00000020196	ENSMUSG00000022702
10090.ENSMUSP00000004036	10090.ENSMUSP00000006112	998	Efnb3	Ephb3	ENSMUSG00000003934	ENSMUSG00000005958
10090.ENSMUSP00000004222	10090.ENSMUSP00000001712	998	Hira	Cabin1	ENSMUSG00000022702	ENSMUSG00000020196
10090.ENSMUSP00000004396	10090.ENSMUSP00000006435	998	Atp6v1f	Atp6v1b2	ENSMUSG00000004285	ENSMUSG00000006273
10090.ENSMUSP00000006112	10090.ENSMUSP00000001319	998	Ephb3	Efnb2	ENSMUSG00000005958	ENSMUSG00000001300
10090.ENSMUSP00000006112	10090.ENSMUSP00000004036	998	Ephb3	Efnb3	ENSMUSG00000005958	ENSMUSG00000003934
10090.ENSMUSP00000006435	10090.ENSMUSP00000004396	998	Atp6v1b2	Atp6v1f	ENSMUSG00000006273	ENSMUSG00000004285
10090.ENSMUSP00000006435	10090.ENSMUSP00000013304	998	Atp6v1b2	Atp6v0d1	ENSMUSG00000006273	ENSMUSG00000013160
10090.ENSMUSP00000006565	10090.ENSMUSP00000014499	998	Cdc20	Anapc1	ENSMUSG00000006398	ENSMUSG00000014355
10090.ENSMUSP00000008812	10090.ENSMUSP00000000756	998	Rps18	Rpl13	ENSMUSG00000008668	ENSMUSG00000000740
10090.ENSMUSP00000013304	10090.ENSMUSP00000006435	998	Atp6v0d1	Atp6v1b2	ENSMUSG00000013160	ENSMUSG00000006273
10090.ENSMUSP00000014370	10090.ENSMUSP00000001051	998	Cacybp	S100a6	ENSMUSG00000014226	ENSMUSG00000001025
10090.ENSMUSP00000014499	10090.ENSMUSP00000006565	998	Anapc1	Cdc20	ENSMUSG00000014355	ENSMUSG00000006398
10090.ENSMUSP00000000312	10090.ENSMUSP00000006101	997	Cdh1	Itgae	ENSMUSG00000000303	ENSMUSG00000005947
10090.ENSMUSP00000000451	10090.ENSMUSP00000005066	997	Raf1	Map2k1	ENSMUSG00000000441	ENSMUSG00000004936
10090.ENSMUSP00000000590	10090.ENSMUSP00000005218	997	Rdx	Cd44	ENSMUSG00000032050	ENSMUSG00000005087
10090.ENSMUSP00000000756	10090.ENSMUSP00000008036	997	Rpl13	Rplp1	ENSMUSG00000000740	ENSMUSG00000007892
10090.ENSMUSP00000004202	10090.ENSMUSP00000013931	997	Dnmt1	Ehmt2	ENSMUSG00000004099	ENSMUSG00000013787
10090.ENSMUSP00000005066	10090.ENSMUSP00000000451	997	Map2k1	Raf1	ENSMUSG00000004936	ENSMUSG00000000441
10090.ENSMUSP00000005218	10090.ENSMUSP00000000590	997	Cd44	Rdx	ENSMUSG00000005087	ENSMUSG00000032050
10090.ENSMUSP00000006101	10090.ENSMUSP00000000312	997	Itgae	Cdh1	ENSMUSG00000005947	ENSMUSG00000000303
10090.ENSMUSP00000008036	10090.ENSMUSP00000000756	997	Rplp1	Rpl13	ENSMUSG00000007892	ENSMUSG00000000740
10090.ENSMUSP00000013931	10090.ENSMUSP00000004202	997	Ehmt2	Dnmt1	ENSMUSG00000013787	ENSMUSG00000004099
10090.ENSMUSP00000000028	10090.ENSMUSP00000007296	996	Cdc45	Pole	ENSMUSG00000000028	ENSMUSG00000007080
10090.ENSMUSP00000000090	10090.ENSMUSP00000005647	996	Cox5a	Ndufs3	ENSMUSG00000000088	ENSMUSG00000005510
10090.ENSMUSP00000000122	10090.ENSMUSP00000004614	996	Ngfr	Zfp110	ENSMUSG00000000120	ENSMUSG00000058638
10090.ENSMUSP00000000767	10090.ENSMUSP00000002891	996	Rpa1	Top3a	ENSMUSG00000000751	ENSMUSG00000002814
10090.ENSMUSP00000001479	10090.ENSMUSP00000004054	996	Kpnb1	Kpna1	ENSMUSG00000001440	ENSMUSG00000022905
10090.ENSMUSP00000001818	10090.ENSMUSP00000004200	996	Crnkl1	Cwc15	ENSMUSG00000001767	ENSMUSG00000004096
10090.ENSMUSP00000001884	10090.ENSMUSP00000002735	996	Clpb	Clpp	ENSMUSG00000001829	ENSMUSG00000002660
10090.ENSMUSP00000002198	10090.ENSMUSP00000002529	996	Sf3a1	Prpf6	ENSMUSG00000002129	ENSMUSG00000002455
10090.ENSMUSP00000002198	10090.ENSMUSP00000002551	996	Sf3a1	Snrpd1	ENSMUSG00000002129	ENSMUSG00000002477
10090.ENSMUSP00000002529	10090.ENSMUSP00000002198	996	Prpf6	Sf3a1	ENSMUSG00000002455	ENSMUSG00000002129
10090.ENSMUSP00000002551	10090.ENSMUSP00000002198	996	Snrpd1	Sf3a1	ENSMUSG00000002477	ENSMUSG00000002129
10090.ENSMUSP00000002678	10090.ENSMUSP00000009705	996	Tgfb1	Eng	ENSMUSG00000002603	ENSMUSG00000026814
10090.ENSMUSP00000002735	10090.ENSMUSP00000001884	996	Clpp	Clpb	ENSMUSG00000002660	ENSMUSG00000001829
10090.ENSMUSP00000002891	10090.ENSMUSP00000000767	996	Top3a	Rpa1	ENSMUSG00000002814	ENSMUSG00000000751
10090.ENSMUSP00000003826	10090.ENSMUSP00000008734	996	Htr3a	Htr3b	ENSMUSG00000032269	ENSMUSG00000008590
10090.ENSMUSP00000004054	10090.ENSMUSP00000001479	996	Kpna1	Kpnb1	ENSMUSG00000022905	ENSMUSG00000001440
10090.ENSMUSP00000004200	10090.ENSMUSP00000001818	996	Cwc15	Crnkl1	ENSMUSG00000004096	ENSMUSG00000001767
10090.ENSMUSP00000004396	10090.ENSMUSP00000006431	996	Atp6v1f	Atp6v1b1	ENSMUSG00000004285	ENSMUSG00000006269
10090.ENSMUSP00000004614	10090.ENSMUSP00000000122	996	Zfp110	Ngfr	ENSMUSG00000058638	ENSMUSG00000000120
10090.ENSMUSP00000005509	10090.ENSMUSP00000006181	996	Stx1a	Napa	ENSMUSG00000007207	ENSMUSG00000006024
10090.ENSMUSP00000005647	10090.ENSMUSP00000000090	996	Ndufs3	Cox5a	ENSMUSG00000005510	ENSMUSG00000000088
10090.ENSMUSP00000006181	10090.ENSMUSP00000005509	996	Napa	Stx1a	ENSMUSG00000006024	ENSMUSG00000007207
10090.ENSMUSP00000006431	10090.ENSMUSP00000004396	996	Atp6v1b1	Atp6v1f	ENSMUSG00000006269	ENSMUSG00000004285
10090.ENSMUSP00000006856	10090.ENSMUSP00000007296	996	Pola1	Pole	ENSMUSG00000006678	ENSMUSG00000007080
10090.ENSMUSP00000007296	10090.ENSMUSP00000000028	996	Pole	Cdc45	ENSMUSG00000007080	ENSMUSG00000000028
10090.ENSMUSP00000007296	10090.ENSMUSP00000006856	996	Pole	Pola1	ENSMUSG00000007080	ENSMUSG00000006678
10090.ENSMUSP00000008734	10090.ENSMUSP00000003826	996	Htr3b	Htr3a	ENSMUSG00000008590	ENSMUSG00000032269
10090.ENSMUSP00000009705	10090.ENSMUSP00000002678	996	Eng	Tgfb1	ENSMUSG00000026814	ENSMUSG00000002603
10090.ENSMUSP00000000186	10090.ENSMUSP00000005452	995	Fgf23	Fgfr4	ENSMUSG00000000182	ENSMUSG00000005320
10090.ENSMUSP00000000187	10090.ENSMUSP00000005452	995	Fgf6	Fgfr4	ENSMUSG00000000183	ENSMUSG00000005320
10090.ENSMUSP00000000590	10090.ENSMUSP00000001055	995	Rdx	Icam2	ENSMUSG00000032050	ENSMUSG00000001029
10090.ENSMUSP00000001055	10090.ENSMUSP00000000590	995	Icam2	Rdx	ENSMUSG00000001029	ENSMUSG00000032050
10090.ENSMUSP00000001258	10090.ENSMUSP00000013931	995	Uhrf1	Ehmt2	ENSMUSG00000001228	ENSMUSG00000013787
10090.ENSMUSP00000002529	10090.ENSMUSP00000002551	995	Prpf6	Snrpd1	ENSMUSG00000002455	ENSMUSG00000002477
10090.ENSMUSP00000002551	10090.ENSMUSP00000002529	995	Snrpd1	Prpf6	ENSMUSG00000002477	ENSMUSG00000002455
10090.ENSMUSP00000002844	10090.ENSMUSP00000003386	995	Mrpl2	Mrpl4	ENSMUSG00000002767	ENSMUSG00000003299
10090.ENSMUSP00000002891	10090.ENSMUSP00000012627	995	Top3a	Rpa3	ENSMUSG00000002814	ENSMUSG00000012483
10090.ENSMUSP00000003386	10090.ENSMUSP00000002844	995	Mrpl4	Mrpl2	ENSMUSG00000003299	ENSMUSG00000002767
10090.ENSMUSP00000003521	10090.ENSMUSP00000008036	995	Rps11	Rplp1	ENSMUSG00000003429	ENSMUSG00000007892
10090.ENSMUSP00000005452	10090.ENSMUSP00000000186	995	Fgfr4	Fgf23	ENSMUSG00000005320	ENSMUSG00000000182
10090.ENSMUSP00000005452	10090.ENSMUSP00000000187	995	Fgfr4	Fgf6	ENSMUSG00000005320	ENSMUSG00000000183
10090.ENSMUSP00000008036	10090.ENSMUSP00000003521	995	Rplp1	Rps11	ENSMUSG00000007892	ENSMUSG00000003429
10090.ENSMUSP00000012627	10090.ENSMUSP00000002891	995	Rpa3	Top3a	ENSMUSG00000012483	ENSMUSG00000002814
10090.ENSMUSP00000013931	10090.ENSMUSP00000001258	995	Ehmt2	Uhrf1	ENSMUSG00000013787	ENSMUSG00000001228
10090.ENSMUSP00000000369	10090.ENSMUSP00000000451	994	Rem1	Raf1	ENSMUSG00000000359	ENSMUSG00000000441
10090.ENSMUSP00000000451	10090.ENSMUSP00000000369	994	Raf1	Rem1	ENSMUSG00000000441	ENSMUSG00000000359
10090.ENSMUSP00000000759	10090.ENSMUSP00000005711	994	Chmp1a	Chmp2a	ENSMUSG00000000743	ENSMUSG00000033916
10090.ENSMUSP00000001565	10090.ENSMUSP00000002733	994	Gtf2h4	Gtf2f1	ENSMUSG00000001524	ENSMUSG00000002658
10090.ENSMUSP00000001818	10090.ENSMUSP00000002551	994	Crnkl1	Snrpd1	ENSMUSG00000001767	ENSMUSG00000002477
10090.ENSMUSP00000002529	10090.ENSMUSP00000003450	994	Prpf6	Ddx23	ENSMUSG00000002455	ENSMUSG00000003360
10090.ENSMUSP00000002551	10090.ENSMUSP00000001818	994	Snrpd1	Crnkl1	ENSMUSG00000002477	ENSMUSG00000001767
10090.ENSMUSP00000002551	10090.ENSMUSP00000007266	994	Snrpd1	Lsm2	ENSMUSG00000002477	ENSMUSG00000007050
10090.ENSMUSP00000002733	10090.ENSMUSP00000001565	994	Gtf2f1	Gtf2h4	ENSMUSG00000002658	ENSMUSG00000001524
10090.ENSMUSP00000003029	10090.ENSMUSP00000013845	994	Timm44	Timm23	ENSMUSG00000002949	ENSMUSG00000013701
10090.ENSMUSP00000003450	10090.ENSMUSP00000002529	994	Ddx23	Prpf6	ENSMUSG00000003360	ENSMUSG00000002455
10090.ENSMUSP00000005711	10090.ENSMUSP00000000759	994	Chmp2a	Chmp1a	ENSMUSG00000033916	ENSMUSG00000000743
10090.ENSMUSP00000007266	10090.ENSMUSP00000002551	994	Lsm2	Snrpd1	ENSMUSG00000007050	ENSMUSG00000002477
10090.ENSMUSP00000013845	10090.ENSMUSP00000003029	994	Timm23	Timm44	ENSMUSG00000013701	ENSMUSG00000002949
10090.ENSMUSP00000001780	10090.ENSMUSP00000002603	993	Akt1	Scrib	ENSMUSG00000001729	ENSMUSG00000022568
10090.ENSMUSP00000002603	10090.ENSMUSP00000001780	993	Scrib	Akt1	ENSMUSG00000022568	ENSMUSG00000001729
10090.ENSMUSP00000002733	10090.ENSMUSP00000004786	993	Gtf2f1	Polr2e	ENSMUSG00000002658	ENSMUSG00000004667
10090.ENSMUSP00000003274	10090.ENSMUSP00000005601	993	Ebi3	Il27ra	ENSMUSG00000003206	ENSMUSG00000005465
10090.ENSMUSP00000003687	10090.ENSMUSP00000009705	993	Tgfb3	Eng	ENSMUSG00000021253	ENSMUSG00000026814
10090.ENSMUSP00000004786	10090.ENSMUSP00000002733	993	Polr2e	Gtf2f1	ENSMUSG00000004667	ENSMUSG00000002658
10090.ENSMUSP00000005601	10090.ENSMUSP00000003274	993	Il27ra	Ebi3	ENSMUSG00000005465	ENSMUSG00000003206
10090.ENSMUSP00000005601	10090.ENSMUSP00000010605	993	Il27ra	Il12rb2	ENSMUSG00000005465	ENSMUSG00000018341
10090.ENSMUSP00000005923	10090.ENSMUSP00000007212	993	Psmb4	Psmd2	ENSMUSG00000005779	ENSMUSG00000006998
10090.ENSMUSP00000007212	10090.ENSMUSP00000005923	993	Psmd2	Psmb4	ENSMUSG00000006998	ENSMUSG00000005779
10090.ENSMUSP00000009705	10090.ENSMUSP00000003687	993	Eng	Tgfb3	ENSMUSG00000026814	ENSMUSG00000021253
10090.ENSMUSP00000010007	10090.ENSMUSP00000013737	993	Sdhb	Ndufs2	ENSMUSG00000009863	ENSMUSG00000013593
10090.ENSMUSP00000010605	10090.ENSMUSP00000005601	993	Il12rb2	Il27ra	ENSMUSG00000018341	ENSMUSG00000005465
10090.ENSMUSP00000013737	10090.ENSMUSP00000010007	993	Ndufs2	Sdhb	ENSMUSG00000013593	ENSMUSG00000009863
10090.ENSMUSP00000001559	10090.ENSMUSP00000010201	992	Itfg2	Nprl2	ENSMUSG00000001518	ENSMUSG00000010057
10090.ENSMUSP00000003117	10090.ENSMUSP00000009234	992	Ap1m1	Ap1b1	ENSMUSG00000003033	ENSMUSG00000009090
10090.ENSMUSP00000004200	10090.ENSMUSP00000005830	992	Cwc15	Bcas2	ENSMUSG00000004096	ENSMUSG00000005687
10090.ENSMUSP00000004587	10090.ENSMUSP00000005815	992	Clec11a	Kit	ENSMUSG00000004473	ENSMUSG00000005672
10090.ENSMUSP00000004949	10090.ENSMUSP00000013949	992	Traf6	Birc3	ENSMUSG00000027164	ENSMUSG00000032000
10090.ENSMUSP00000005548	10090.ENSMUSP00000005651	992	Hmox1	Por	ENSMUSG00000005413	ENSMUSG00000005514
10090.ENSMUSP00000005647	10090.ENSMUSP00000010007	992	Ndufs3	Sdhb	ENSMUSG00000005510	ENSMUSG00000009863
10090.ENSMUSP00000005651	10090.ENSMUSP00000005548	992	Por	Hmox1	ENSMUSG00000005514	ENSMUSG00000005413
10090.ENSMUSP00000005815	10090.ENSMUSP00000004587	992	Kit	Clec11a	ENSMUSG00000005672	ENSMUSG00000004473
10090.ENSMUSP00000005830	10090.ENSMUSP00000004200	992	Bcas2	Cwc15	ENSMUSG00000005687	ENSMUSG00000004096
10090.ENSMUSP00000007266	10090.ENSMUSP00000008517	992	Lsm2	Prpf31	ENSMUSG00000007050	ENSMUSG00000008373
10090.ENSMUSP00000008517	10090.ENSMUSP00000007266	992	Prpf31	Lsm2	ENSMUSG00000008373	ENSMUSG00000007050
10090.ENSMUSP00000009234	10090.ENSMUSP00000003117	992	Ap1b1	Ap1m1	ENSMUSG00000009090	ENSMUSG00000003033
10090.ENSMUSP00000010007	10090.ENSMUSP00000005647	992	Sdhb	Ndufs3	ENSMUSG00000009863	ENSMUSG00000005510
10090.ENSMUSP00000010201	10090.ENSMUSP00000001559	992	Nprl2	Itfg2	ENSMUSG00000010057	ENSMUSG00000001518
10090.ENSMUSP00000013949	10090.ENSMUSP00000004949	992	Birc3	Traf6	ENSMUSG00000032000	ENSMUSG00000027164
10090.ENSMUSP00000000450	10090.ENSMUSP00000006037	991	Pparg	Ncoa2	ENSMUSG00000000440	ENSMUSG00000005886
10090.ENSMUSP00000001055	10090.ENSMUSP00000012847	991	Icam2	Cd209a	ENSMUSG00000001029	ENSMUSG00000031494
10090.ENSMUSP00000006037	10090.ENSMUSP00000000450	991	Ncoa2	Pparg	ENSMUSG00000005886	ENSMUSG00000000440
10090.ENSMUSP00000006178	10090.ENSMUSP00000010201	991	Kptn	Nprl2	ENSMUSG00000006021	ENSMUSG00000010057
10090.ENSMUSP00000006431	10090.ENSMUSP00000013304	991	Atp6v1b1	Atp6v0d1	ENSMUSG00000006269	ENSMUSG00000013160
10090.ENSMUSP00000010201	10090.ENSMUSP00000006178	991	Nprl2	Kptn	ENSMUSG00000010057	ENSMUSG00000006021
10090.ENSMUSP00000012847	10090.ENSMUSP00000001055	991	Cd209a	Icam2	ENSMUSG00000031494	ENSMUSG00000001029
10090.ENSMUSP00000013304	10090.ENSMUSP00000006431	991	Atp6v0d1	Atp6v1b1	ENSMUSG00000013160	ENSMUSG00000006269
10090.ENSMUSP00000000028	10090.ENSMUSP00000006760	990	Cdc45	Cdt1	ENSMUSG00000000028	ENSMUSG00000006585
10090.ENSMUSP00000001927	10090.ENSMUSP00000003687	990	Ltbp1	Tgfb3	ENSMUSG00000001870	ENSMUSG00000021253
10090.ENSMUSP00000002551	10090.ENSMUSP00000008477	990	Snrpd1	Snrpb2	ENSMUSG00000002477	ENSMUSG00000008333
10090.ENSMUSP00000003049	10090.ENSMUSP00000012259	990	Med25	Med15	ENSMUSG00000002968	ENSMUSG00000012114
10090.ENSMUSP00000003386	10090.ENSMUSP00000007482	990	Mrpl4	Mrpl49	ENSMUSG00000003299	ENSMUSG00000007338
10090.ENSMUSP00000003687	10090.ENSMUSP00000001927	990	Tgfb3	Ltbp1	ENSMUSG00000021253	ENSMUSG00000001870
10090.ENSMUSP00000004379	10090.ENSMUSP00000004470	990	Emg1	Utp20	ENSMUSG00000004268	ENSMUSG00000004356
10090.ENSMUSP00000004470	10090.ENSMUSP00000004379	990	Utp20	Emg1	ENSMUSG00000004356	ENSMUSG00000004268
10090.ENSMUSP00000006760	10090.ENSMUSP00000000028	990	Cdt1	Cdc45	ENSMUSG00000006585	ENSMUSG00000000028
10090.ENSMUSP00000007482	10090.ENSMUSP00000003386	990	Mrpl49	Mrpl4	ENSMUSG00000007338	ENSMUSG00000003299
10090.ENSMUSP00000008477	10090.ENSMUSP00000002551	990	Snrpb2	Snrpd1	ENSMUSG00000008333	ENSMUSG00000002477
10090.ENSMUSP00000012259	10090.ENSMUSP00000003049	990	Med15	Med25	ENSMUSG00000012114	ENSMUSG00000002968
10090.ENSMUSP00000001507	10090.ENSMUSP00000005003	989	Cyp51	Lbr	ENSMUSG00000001467	ENSMUSG00000004880
10090.ENSMUSP00000002121	10090.ENSMUSP00000005749	989	Supt6	Ctr9	ENSMUSG00000002052	ENSMUSG00000005609
10090.ENSMUSP00000005003	10090.ENSMUSP00000001507	989	Lbr	Cyp51	ENSMUSG00000004880	ENSMUSG00000001467
10090.ENSMUSP00000005218	10090.ENSMUSP00000012540	989	Cd44	Nanog	ENSMUSG00000005087	ENSMUSG00000012396
10090.ENSMUSP00000005749	10090.ENSMUSP00000002121	989	Ctr9	Supt6	ENSMUSG00000005609	ENSMUSG00000002052
10090.ENSMUSP00000007130	10090.ENSMUSP00000008280	989	Ctnnb1	Fhl2	ENSMUSG00000006932	ENSMUSG00000008136
10090.ENSMUSP00000008280	10090.ENSMUSP00000007130	989	Fhl2	Ctnnb1	ENSMUSG00000008136	ENSMUSG00000006932
10090.ENSMUSP00000012540	10090.ENSMUSP00000005218	989	Nanog	Cd44	ENSMUSG00000012396	ENSMUSG00000005087
10090.ENSMUSP00000000384	10090.ENSMUSP00000002112	988	Trappc10	Trappc6a	ENSMUSG00000000374	ENSMUSG00000002043
10090.ENSMUSP00000000388	10090.ENSMUSP00000002044	988	Ccm2	Map3k3	ENSMUSG00000000378	ENSMUSG00000020700
10090.ENSMUSP00000000579	10090.ENSMUSP00000007130	988	Sox9	Ctnnb1	ENSMUSG00000000567	ENSMUSG00000006932
10090.ENSMUSP00000001339	10090.ENSMUSP00000004203	988	Rrp15	Ppan	ENSMUSG00000001305	ENSMUSG00000004100
10090.ENSMUSP00000001706	10090.ENSMUSP00000001711	988	Hoxc9	Hoxc6	ENSMUSG00000036139	ENSMUSG00000001661
10090.ENSMUSP00000001711	10090.ENSMUSP00000001706	988	Hoxc6	Hoxc9	ENSMUSG00000001661	ENSMUSG00000036139
10090.ENSMUSP00000002044	10090.ENSMUSP00000000388	988	Map3k3	Ccm2	ENSMUSG00000020700	ENSMUSG00000000378
10090.ENSMUSP00000002112	10090.ENSMUSP00000000384	988	Trappc6a	Trappc10	ENSMUSG00000002043	ENSMUSG00000000374
10090.ENSMUSP00000002551	10090.ENSMUSP00000008517	988	Snrpd1	Prpf31	ENSMUSG00000002477	ENSMUSG00000008373
10090.ENSMUSP00000003550	10090.ENSMUSP00000005406	988	Ncstn	App	ENSMUSG00000003458	ENSMUSG00000022892
10090.ENSMUSP00000004203	10090.ENSMUSP00000001339	988	Ppan	Rrp15	ENSMUSG00000004100	ENSMUSG00000001305
10090.ENSMUSP00000005406	10090.ENSMUSP00000003550	988	App	Ncstn	ENSMUSG00000022892	ENSMUSG00000003458
10090.ENSMUSP00000007130	10090.ENSMUSP00000000579	988	Ctnnb1	Sox9	ENSMUSG00000006932	ENSMUSG00000000567
10090.ENSMUSP00000008517	10090.ENSMUSP00000002551	988	Prpf31	Snrpd1	ENSMUSG00000008373	ENSMUSG00000002477
10090.ENSMUSP00000003049	10090.ENSMUSP00000003536	987	Med25	Med29	ENSMUSG00000002968	ENSMUSG00000003444
10090.ENSMUSP00000003536	10090.ENSMUSP00000003049	987	Med29	Med25	ENSMUSG00000003444	ENSMUSG00000002968
10090.ENSMUSP00000007171	10090.ENSMUSP00000009143	987	Chrd	Bmp7	ENSMUSG00000006958	ENSMUSG00000008999
10090.ENSMUSP00000009143	10090.ENSMUSP00000007171	987	Bmp7	Chrd	ENSMUSG00000008999	ENSMUSG00000006958
10090.ENSMUSP00000000122	10090.ENSMUSP00000004949	985	Ngfr	Traf6	ENSMUSG00000000120	ENSMUSG00000027164
10090.ENSMUSP00000000450	10090.ENSMUSP00000007130	985	Pparg	Ctnnb1	ENSMUSG00000000440	ENSMUSG00000006932
10090.ENSMUSP00000001547	10090.ENSMUSP00000005218	985	Col1a1	Cd44	ENSMUSG00000001506	ENSMUSG00000005087
10090.ENSMUSP00000001780	10090.ENSMUSP00000013220	985	Akt1	Amotl1	ENSMUSG00000001729	ENSMUSG00000013076
10090.ENSMUSP00000002064	10090.ENSMUSP00000004172	985	Blvra	Hmox2	ENSMUSG00000001999	ENSMUSG00000004070
10090.ENSMUSP00000002529	10090.ENSMUSP00000007266	985	Prpf6	Lsm2	ENSMUSG00000002455	ENSMUSG00000007050
10090.ENSMUSP00000002551	10090.ENSMUSP00000004200	985	Snrpd1	Cwc15	ENSMUSG00000002477	ENSMUSG00000004096
10090.ENSMUSP00000004172	10090.ENSMUSP00000002064	985	Hmox2	Blvra	ENSMUSG00000004070	ENSMUSG00000001999
10090.ENSMUSP00000004200	10090.ENSMUSP00000002551	985	Cwc15	Snrpd1	ENSMUSG00000004096	ENSMUSG00000002477
10090.ENSMUSP00000004949	10090.ENSMUSP00000000122	985	Traf6	Ngfr	ENSMUSG00000027164	ENSMUSG00000000120
10090.ENSMUSP00000005218	10090.ENSMUSP00000001547	985	Cd44	Col1a1	ENSMUSG00000005087	ENSMUSG00000001506
10090.ENSMUSP00000007130	10090.ENSMUSP00000000450	985	Ctnnb1	Pparg	ENSMUSG00000006932	ENSMUSG00000000440
10090.ENSMUSP00000007266	10090.ENSMUSP00000002529	985	Lsm2	Prpf6	ENSMUSG00000007050	ENSMUSG00000002455
10090.ENSMUSP00000013220	10090.ENSMUSP00000001780	985	Amotl1	Akt1	ENSMUSG00000013076	ENSMUSG00000001729
10090.ENSMUSP00000002064	10090.ENSMUSP00000005548	984	Blvra	Hmox1	ENSMUSG00000001999	ENSMUSG00000005413
10090.ENSMUSP00000002350	10090.ENSMUSP00000003759	984	Ciao3	Ciao1	ENSMUSG00000002280	ENSMUSG00000003662
10090.ENSMUSP00000002925	10090.ENSMUSP00000011492	984	Timmdc1	Acad9	ENSMUSG00000002846	ENSMUSG00000027710
10090.ENSMUSP00000003207	10090.ENSMUSP00000005164	984	Lipe	Prkacb	ENSMUSG00000003123	ENSMUSG00000005034
10090.ENSMUSP00000003207	10090.ENSMUSP00000005606	984	Lipe	Prkaca	ENSMUSG00000003123	ENSMUSG00000005469
10090.ENSMUSP00000003759	10090.ENSMUSP00000002350	984	Ciao1	Ciao3	ENSMUSG00000003662	ENSMUSG00000002280
10090.ENSMUSP00000005164	10090.ENSMUSP00000003207	984	Prkacb	Lipe	ENSMUSG00000005034	ENSMUSG00000003123
10090.ENSMUSP00000005548	10090.ENSMUSP00000002064	984	Hmox1	Blvra	ENSMUSG00000005413	ENSMUSG00000001999
10090.ENSMUSP00000005606	10090.ENSMUSP00000003207	984	Prkaca	Lipe	ENSMUSG00000005469	ENSMUSG00000003123
10090.ENSMUSP00000011492	10090.ENSMUSP00000002925	984	Acad9	Timmdc1	ENSMUSG00000027710	ENSMUSG00000002846
10090.ENSMUSP00000000542	10090.ENSMUSP00000003687	983	Acvrl1	Tgfb3	ENSMUSG00000000530	ENSMUSG00000021253
10090.ENSMUSP00000000759	10090.ENSMUSP00000004965	983	Chmp1a	Chmp2b	ENSMUSG00000000743	ENSMUSG00000004843
10090.ENSMUSP00000002678	10090.ENSMUSP00000003687	983	Tgfb1	Tgfb3	ENSMUSG00000002603	ENSMUSG00000021253
10090.ENSMUSP00000002708	10090.ENSMUSP00000003035	983	Shh	Disp1	ENSMUSG00000002633	ENSMUSG00000030768
10090.ENSMUSP00000002925	10090.ENSMUSP00000013737	983	Timmdc1	Ndufs2	ENSMUSG00000002846	ENSMUSG00000013593
10090.ENSMUSP00000003035	10090.ENSMUSP00000002708	983	Disp1	Shh	ENSMUSG00000030768	ENSMUSG00000002633
10090.ENSMUSP00000003687	10090.ENSMUSP00000000542	983	Tgfb3	Acvrl1	ENSMUSG00000021253	ENSMUSG00000000530
10090.ENSMUSP00000003687	10090.ENSMUSP00000002678	983	Tgfb3	Tgfb1	ENSMUSG00000021253	ENSMUSG00000002603
10090.ENSMUSP00000004965	10090.ENSMUSP00000000759	983	Chmp2b	Chmp1a	ENSMUSG00000004843	ENSMUSG00000000743
10090.ENSMUSP00000013737	10090.ENSMUSP00000002925	983	Ndufs2	Timmdc1	ENSMUSG00000013593	ENSMUSG00000002846
10090.ENSMUSP00000000193	10090.ENSMUSP00000000194	982	Ccl2	Ccl12	ENSMUSG00000035385	ENSMUSG00000035352
10090.ENSMUSP00000000194	10090.ENSMUSP00000000193	982	Ccl12	Ccl2	ENSMUSG00000035352	ENSMUSG00000035385
10090.ENSMUSP00000001419	10090.ENSMUSP00000002529	982	Zmat2	Prpf6	ENSMUSG00000001383	ENSMUSG00000002455
10090.ENSMUSP00000002529	10090.ENSMUSP00000001419	982	Prpf6	Zmat2	ENSMUSG00000002455	ENSMUSG00000001383
10090.ENSMUSP00000002790	10090.ENSMUSP00000004054	982	Cse1l	Kpna1	ENSMUSG00000002718	ENSMUSG00000022905
10090.ENSMUSP00000002839	10090.ENSMUSP00000007708	982	Ppp2r5d	Ppp2r1a	ENSMUSG00000059409	ENSMUSG00000007564
10090.ENSMUSP00000004054	10090.ENSMUSP00000002790	982	Kpna1	Cse1l	ENSMUSG00000022905	ENSMUSG00000002718
10090.ENSMUSP00000004378	10090.ENSMUSP00000011896	982	Eno2	Pgam1	ENSMUSG00000004267	ENSMUSG00000011752
10090.ENSMUSP00000007708	10090.ENSMUSP00000002839	982	Ppp2r1a	Ppp2r5d	ENSMUSG00000007564	ENSMUSG00000059409
10090.ENSMUSP00000011896	10090.ENSMUSP00000004378	982	Pgam1	Eno2	ENSMUSG00000011752	ENSMUSG00000004267
10090.ENSMUSP00000000542	10090.ENSMUSP00000009705	980	Acvrl1	Eng	ENSMUSG00000000530	ENSMUSG00000026814
10090.ENSMUSP00000000544	10090.ENSMUSP00000007757	980	Acvr1b	Tgfbr1	ENSMUSG00000000532	ENSMUSG00000007613
10090.ENSMUSP00000001155	10090.ENSMUSP00000002487	980	Araf	Braf	ENSMUSG00000001127	ENSMUSG00000002413
10090.ENSMUSP00000002487	10090.ENSMUSP00000001155	980	Braf	Araf	ENSMUSG00000002413	ENSMUSG00000001127
10090.ENSMUSP00000003029	10090.ENSMUSP00000014445	980	Timm44	Pam16	ENSMUSG00000002949	ENSMUSG00000014301
10090.ENSMUSP00000004949	10090.ENSMUSP00000007757	980	Traf6	Tgfbr1	ENSMUSG00000027164	ENSMUSG00000007613
10090.ENSMUSP00000007757	10090.ENSMUSP00000000544	980	Tgfbr1	Acvr1b	ENSMUSG00000007613	ENSMUSG00000000532
10090.ENSMUSP00000007757	10090.ENSMUSP00000004949	980	Tgfbr1	Traf6	ENSMUSG00000007613	ENSMUSG00000027164
10090.ENSMUSP00000008036	10090.ENSMUSP00000008812	980	Rplp1	Rps18	ENSMUSG00000007892	ENSMUSG00000008668
10090.ENSMUSP00000008812	10090.ENSMUSP00000008036	980	Rps18	Rplp1	ENSMUSG00000008668	ENSMUSG00000007892
10090.ENSMUSP00000009705	10090.ENSMUSP00000000542	980	Eng	Acvrl1	ENSMUSG00000026814	ENSMUSG00000000530
10090.ENSMUSP00000014445	10090.ENSMUSP00000003029	980	Pam16	Timm44	ENSMUSG00000014301	ENSMUSG00000002949
10090.ENSMUSP00000000505	10090.ENSMUSP00000007296	979	Mcm7	Pole	ENSMUSG00000029730	ENSMUSG00000007080
10090.ENSMUSP00000002551	10090.ENSMUSP00000003450	979	Snrpd1	Ddx23	ENSMUSG00000002477	ENSMUSG00000003360
10090.ENSMUSP00000003450	10090.ENSMUSP00000002551	979	Ddx23	Snrpd1	ENSMUSG00000003360	ENSMUSG00000002477
10090.ENSMUSP00000007296	10090.ENSMUSP00000000505	979	Pole	Mcm7	ENSMUSG00000007080	ENSMUSG00000029730
10090.ENSMUSP00000000175	10090.ENSMUSP00000014438	978	Sdhd	Ndufa2	ENSMUSG00000000171	ENSMUSG00000014294
10090.ENSMUSP00000001479	10090.ENSMUSP00000003310	978	Kpnb1	Ranbp2	ENSMUSG00000001440	ENSMUSG00000003226
10090.ENSMUSP00000003310	10090.ENSMUSP00000001479	978	Ranbp2	Kpnb1	ENSMUSG00000003226	ENSMUSG00000001440
10090.ENSMUSP00000005889	10090.ENSMUSP00000007959	978	Vav1	Rhoa	ENSMUSG00000034116	ENSMUSG00000007815
10090.ENSMUSP00000007959	10090.ENSMUSP00000005889	978	Rhoa	Vav1	ENSMUSG00000007815	ENSMUSG00000034116
10090.ENSMUSP00000014438	10090.ENSMUSP00000000175	978	Ndufa2	Sdhd	ENSMUSG00000014294	ENSMUSG00000000171
10090.ENSMUSP00000002588	10090.ENSMUSP00000005218	977	Tiam1	Cd44	ENSMUSG00000002489	ENSMUSG00000005087
10090.ENSMUSP00000004965	10090.ENSMUSP00000005711	977	Chmp2b	Chmp2a	ENSMUSG00000004843	ENSMUSG00000033916
10090.ENSMUSP00000005218	10090.ENSMUSP00000002588	977	Cd44	Tiam1	ENSMUSG00000005087	ENSMUSG00000002489
10090.ENSMUSP00000005671	10090.ENSMUSP00000007130	977	Igf1r	Ctnnb1	ENSMUSG00000005533	ENSMUSG00000006932
10090.ENSMUSP00000005711	10090.ENSMUSP00000004965	977	Chmp2a	Chmp2b	ENSMUSG00000033916	ENSMUSG00000004843
10090.ENSMUSP00000006431	10090.ENSMUSP00000006435	977	Atp6v1b1	Atp6v1b2	ENSMUSG00000006269	ENSMUSG00000006273
10090.ENSMUSP00000006435	10090.ENSMUSP00000006431	977	Atp6v1b2	Atp6v1b1	ENSMUSG00000006273	ENSMUSG00000006269
10090.ENSMUSP00000007130	10090.ENSMUSP00000005671	977	Ctnnb1	Igf1r	ENSMUSG00000006932	ENSMUSG00000005533
10090.ENSMUSP00000011029	10090.ENSMUSP00000014445	977	Dnajc19	Pam16	ENSMUSG00000027679	ENSMUSG00000014301
10090.ENSMUSP00000014445	10090.ENSMUSP00000011029	977	Pam16	Dnajc19	ENSMUSG00000014301	ENSMUSG00000027679
10090.ENSMUSP00000000090	10090.ENSMUSP00000013737	976	Cox5a	Ndufs2	ENSMUSG00000000088	ENSMUSG00000013593
10090.ENSMUSP00000000153	10090.ENSMUSP00000007959	976	Gna12	Rhoa	ENSMUSG00000000149	ENSMUSG00000007815
10090.ENSMUSP00000001485	10090.ENSMUSP00000003386	976	Mrpl10	Mrpl4	ENSMUSG00000001445	ENSMUSG00000003299
10090.ENSMUSP00000002198	10090.ENSMUSP00000008517	976	Sf3a1	Prpf31	ENSMUSG00000002129	ENSMUSG00000008373
10090.ENSMUSP00000003386	10090.ENSMUSP00000001485	976	Mrpl4	Mrpl10	ENSMUSG00000003299	ENSMUSG00000001445
10090.ENSMUSP00000007959	10090.ENSMUSP00000000153	976	Rhoa	Gna12	ENSMUSG00000007815	ENSMUSG00000000149
10090.ENSMUSP00000008517	10090.ENSMUSP00000002198	976	Prpf31	Sf3a1	ENSMUSG00000008373	ENSMUSG00000002129
10090.ENSMUSP00000013737	10090.ENSMUSP00000000090	976	Ndufs2	Cox5a	ENSMUSG00000013593	ENSMUSG00000000088
10090.ENSMUSP00000001583	10090.ENSMUSP00000009699	975	Ell2	Cdk9	ENSMUSG00000001542	ENSMUSG00000009555
10090.ENSMUSP00000001713	10090.ENSMUSP00000004140	975	Gstt1	Gstm1	ENSMUSG00000001663	ENSMUSG00000058135
10090.ENSMUSP00000004140	10090.ENSMUSP00000001713	975	Gstm1	Gstt1	ENSMUSG00000058135	ENSMUSG00000001663
10090.ENSMUSP00000009699	10090.ENSMUSP00000001583	975	Cdk9	Ell2	ENSMUSG00000009555	ENSMUSG00000001542
10090.ENSMUSP00000000090	10090.ENSMUSP00000010007	974	Cox5a	Sdhb	ENSMUSG00000000088	ENSMUSG00000009863
10090.ENSMUSP00000001419	10090.ENSMUSP00000008517	974	Zmat2	Prpf31	ENSMUSG00000001383	ENSMUSG00000008373
10090.ENSMUSP00000001485	10090.ENSMUSP00000007482	974	Mrpl10	Mrpl49	ENSMUSG00000001445	ENSMUSG00000007338
10090.ENSMUSP00000001780	10090.ENSMUSP00000005077	974	Akt1	Hspb1	ENSMUSG00000001729	ENSMUSG00000004951
10090.ENSMUSP00000002529	10090.ENSMUSP00000007042	974	Prpf6	Ik	ENSMUSG00000002455	ENSMUSG00000024474
10090.ENSMUSP00000002839	10090.ENSMUSP00000009774	974	Ppp2r5d	Ppp2cb	ENSMUSG00000059409	ENSMUSG00000009630
10090.ENSMUSP00000004377	10090.ENSMUSP00000005889	974	Ptpn6	Vav1	ENSMUSG00000004266	ENSMUSG00000034116
10090.ENSMUSP00000004396	10090.ENSMUSP00000004732	974	Atp6v1f	Lim2	ENSMUSG00000004285	ENSMUSG00000118560
10090.ENSMUSP00000004732	10090.ENSMUSP00000004396	974	Lim2	Atp6v1f	ENSMUSG00000118560	ENSMUSG00000004285
10090.ENSMUSP00000005077	10090.ENSMUSP00000001780	974	Hspb1	Akt1	ENSMUSG00000004951	ENSMUSG00000001729
10090.ENSMUSP00000005889	10090.ENSMUSP00000004377	974	Vav1	Ptpn6	ENSMUSG00000034116	ENSMUSG00000004266
10090.ENSMUSP00000007042	10090.ENSMUSP00000002529	974	Ik	Prpf6	ENSMUSG00000024474	ENSMUSG00000002455
10090.ENSMUSP00000007482	10090.ENSMUSP00000001485	974	Mrpl49	Mrpl10	ENSMUSG00000007338	ENSMUSG00000001445
10090.ENSMUSP00000008517	10090.ENSMUSP00000001419	974	Prpf31	Zmat2	ENSMUSG00000008373	ENSMUSG00000001383
10090.ENSMUSP00000009774	10090.ENSMUSP00000002839	974	Ppp2cb	Ppp2r5d	ENSMUSG00000009630	ENSMUSG00000059409
10090.ENSMUSP00000010007	10090.ENSMUSP00000000090	974	Sdhb	Cox5a	ENSMUSG00000009863	ENSMUSG00000000088
10090.ENSMUSP00000000724	10090.ENSMUSP00000006037	973	Kat2b	Ncoa2	ENSMUSG00000000708	ENSMUSG00000005886
10090.ENSMUSP00000001818	10090.ENSMUSP00000003450	973	Crnkl1	Ddx23	ENSMUSG00000001767	ENSMUSG00000003360
10090.ENSMUSP00000003450	10090.ENSMUSP00000001818	973	Ddx23	Crnkl1	ENSMUSG00000003360	ENSMUSG00000001767
10090.ENSMUSP00000003521	10090.ENSMUSP00000007012	973	Rps11	Sod2	ENSMUSG00000003429	ENSMUSG00000006818
10090.ENSMUSP00000005826	10090.ENSMUSP00000010007	973	Cs	Sdhb	ENSMUSG00000005683	ENSMUSG00000009863
10090.ENSMUSP00000005829	10090.ENSMUSP00000006764	973	Ampd3	Aprt	ENSMUSG00000005686	ENSMUSG00000006589
10090.ENSMUSP00000006037	10090.ENSMUSP00000000724	973	Ncoa2	Kat2b	ENSMUSG00000005886	ENSMUSG00000000708
10090.ENSMUSP00000006764	10090.ENSMUSP00000005829	973	Aprt	Ampd3	ENSMUSG00000006589	ENSMUSG00000005686
10090.ENSMUSP00000007012	10090.ENSMUSP00000003521	973	Sod2	Rps11	ENSMUSG00000006818	ENSMUSG00000003429
10090.ENSMUSP00000010007	10090.ENSMUSP00000005826	973	Sdhb	Cs	ENSMUSG00000009863	ENSMUSG00000005683
10090.ENSMUSP00000001565	10090.ENSMUSP00000004786	972	Gtf2h4	Polr2e	ENSMUSG00000001524	ENSMUSG00000004667
10090.ENSMUSP00000001818	10090.ENSMUSP00000005830	972	Crnkl1	Bcas2	ENSMUSG00000001767	ENSMUSG00000005687
10090.ENSMUSP00000003521	10090.ENSMUSP00000010502	972	Rps11	Ifi35	ENSMUSG00000003429	ENSMUSG00000010358
10090.ENSMUSP00000004786	10090.ENSMUSP00000001565	972	Polr2e	Gtf2h4	ENSMUSG00000004667	ENSMUSG00000001524
10090.ENSMUSP00000005830	10090.ENSMUSP00000001818	972	Bcas2	Crnkl1	ENSMUSG00000005687	ENSMUSG00000001767
10090.ENSMUSP00000010502	10090.ENSMUSP00000003521	972	Ifi35	Rps11	ENSMUSG00000010358	ENSMUSG00000003429
10090.ENSMUSP00000011492	10090.ENSMUSP00000013737	972	Acad9	Ndufs2	ENSMUSG00000027710	ENSMUSG00000013593
10090.ENSMUSP00000013737	10090.ENSMUSP00000011492	972	Ndufs2	Acad9	ENSMUSG00000013593	ENSMUSG00000027710
10090.ENSMUSP00000000756	10090.ENSMUSP00000010502	971	Rpl13	Ifi35	ENSMUSG00000000740	ENSMUSG00000010358
10090.ENSMUSP00000002029	10090.ENSMUSP00000007130	971	Emd	Ctnnb1	ENSMUSG00000001964	ENSMUSG00000006932
10090.ENSMUSP00000002079	10090.ENSMUSP00000003451	971	Plxnb3	Rnd1	ENSMUSG00000031385	ENSMUSG00000054855
10090.ENSMUSP00000003450	10090.ENSMUSP00000008517	971	Ddx23	Prpf31	ENSMUSG00000003360	ENSMUSG00000008373
10090.ENSMUSP00000003451	10090.ENSMUSP00000002079	971	Rnd1	Plxnb3	ENSMUSG00000054855	ENSMUSG00000031385
10090.ENSMUSP00000004614	10090.ENSMUSP00000004949	971	Zfp110	Traf6	ENSMUSG00000058638	ENSMUSG00000027164
10090.ENSMUSP00000004949	10090.ENSMUSP00000004614	971	Traf6	Zfp110	ENSMUSG00000027164	ENSMUSG00000058638
10090.ENSMUSP00000007130	10090.ENSMUSP00000002029	971	Ctnnb1	Emd	ENSMUSG00000006932	ENSMUSG00000001964
10090.ENSMUSP00000008517	10090.ENSMUSP00000003450	971	Prpf31	Ddx23	ENSMUSG00000008373	ENSMUSG00000003360
10090.ENSMUSP00000010502	10090.ENSMUSP00000000756	971	Ifi35	Rpl13	ENSMUSG00000010358	ENSMUSG00000000740
10090.ENSMUSP00000001780	10090.ENSMUSP00000004990	970	Akt1	Mapk14	ENSMUSG00000001729	ENSMUSG00000053436
10090.ENSMUSP00000004990	10090.ENSMUSP00000001780	970	Mapk14	Akt1	ENSMUSG00000053436	ENSMUSG00000001729
10090.ENSMUSP00000007130	10090.ENSMUSP00000010044	970	Ctnnb1	Wnt3a	ENSMUSG00000006932	ENSMUSG00000009900
10090.ENSMUSP00000010044	10090.ENSMUSP00000007130	970	Wnt3a	Ctnnb1	ENSMUSG00000009900	ENSMUSG00000006932
10090.ENSMUSP00000000028	10090.ENSMUSP00000006856	969	Cdc45	Pola1	ENSMUSG00000000028	ENSMUSG00000006678
10090.ENSMUSP00000000808	10090.ENSMUSP00000005601	969	Il12rb1	Il27ra	ENSMUSG00000000791	ENSMUSG00000005465
10090.ENSMUSP00000001155	10090.ENSMUSP00000005066	969	Araf	Map2k1	ENSMUSG00000001127	ENSMUSG00000004936
10090.ENSMUSP00000002844	10090.ENSMUSP00000007482	969	Mrpl2	Mrpl49	ENSMUSG00000002767	ENSMUSG00000007338
10090.ENSMUSP00000005066	10090.ENSMUSP00000001155	969	Map2k1	Araf	ENSMUSG00000004936	ENSMUSG00000001127
10090.ENSMUSP00000005509	10090.ENSMUSP00000009538	969	Stx1a	Syn2	ENSMUSG00000007207	ENSMUSG00000009394
10090.ENSMUSP00000005601	10090.ENSMUSP00000000808	969	Il27ra	Il12rb1	ENSMUSG00000005465	ENSMUSG00000000791
10090.ENSMUSP00000006856	10090.ENSMUSP00000000028	969	Pola1	Cdc45	ENSMUSG00000006678	ENSMUSG00000000028
10090.ENSMUSP00000007482	10090.ENSMUSP00000002844	969	Mrpl49	Mrpl2	ENSMUSG00000007338	ENSMUSG00000002767
10090.ENSMUSP00000009538	10090.ENSMUSP00000005509	969	Syn2	Stx1a	ENSMUSG00000009394	ENSMUSG00000007207
10090.ENSMUSP00000000122	10090.ENSMUSP00000007959	968	Ngfr	Rhoa	ENSMUSG00000000120	ENSMUSG00000007815
10090.ENSMUSP00000001812	10090.ENSMUSP00000005164	968	Smo	Prkacb	ENSMUSG00000001761	ENSMUSG00000005034
10090.ENSMUSP00000001812	10090.ENSMUSP00000005606	968	Smo	Prkaca	ENSMUSG00000001761	ENSMUSG00000005469
10090.ENSMUSP00000004683	10090.ENSMUSP00000011152	968	Mcoln1	Mcoln2	ENSMUSG00000004567	ENSMUSG00000011008
10090.ENSMUSP00000005164	10090.ENSMUSP00000001812	968	Prkacb	Smo	ENSMUSG00000005034	ENSMUSG00000001761
10090.ENSMUSP00000005606	10090.ENSMUSP00000001812	968	Prkaca	Smo	ENSMUSG00000005469	ENSMUSG00000001761
10090.ENSMUSP00000005647	10090.ENSMUSP00000011492	968	Ndufs3	Acad9	ENSMUSG00000005510	ENSMUSG00000027710
10090.ENSMUSP00000007959	10090.ENSMUSP00000000122	968	Rhoa	Ngfr	ENSMUSG00000007815	ENSMUSG00000000120
10090.ENSMUSP00000011152	10090.ENSMUSP00000004683	968	Mcoln2	Mcoln1	ENSMUSG00000011008	ENSMUSG00000004567
10090.ENSMUSP00000011492	10090.ENSMUSP00000005647	968	Acad9	Ndufs3	ENSMUSG00000027710	ENSMUSG00000005510
10090.ENSMUSP00000013845	10090.ENSMUSP00000014445	968	Timm23	Pam16	ENSMUSG00000013701	ENSMUSG00000014301
10090.ENSMUSP00000014445	10090.ENSMUSP00000013845	968	Pam16	Timm23	ENSMUSG00000014301	ENSMUSG00000013701
10090.ENSMUSP00000000642	10090.ENSMUSP00000005364	967	Hk2	G6pc2	ENSMUSG00000000628	ENSMUSG00000005232
10090.ENSMUSP00000001780	10090.ENSMUSP00000004330	967	Akt1	Ikbkg	ENSMUSG00000001729	ENSMUSG00000004221
10090.ENSMUSP00000002529	10090.ENSMUSP00000008477	967	Prpf6	Snrpb2	ENSMUSG00000002455	ENSMUSG00000008333
10090.ENSMUSP00000003843	10090.ENSMUSP00000008907	967	Man1a	Man1a2	ENSMUSG00000003746	ENSMUSG00000008763
10090.ENSMUSP00000004330	10090.ENSMUSP00000001780	967	Ikbkg	Akt1	ENSMUSG00000004221	ENSMUSG00000001729
10090.ENSMUSP00000004684	10090.ENSMUSP00000007959	967	Arhgef18	Rhoa	ENSMUSG00000004568	ENSMUSG00000007815
10090.ENSMUSP00000005364	10090.ENSMUSP00000000642	967	G6pc2	Hk2	ENSMUSG00000005232	ENSMUSG00000000628
10090.ENSMUSP00000005954	10090.ENSMUSP00000014562	967	Bloc1s6	Hps5	ENSMUSG00000005804	ENSMUSG00000014418
10090.ENSMUSP00000007959	10090.ENSMUSP00000004684	967	Rhoa	Arhgef18	ENSMUSG00000007815	ENSMUSG00000004568
10090.ENSMUSP00000008477	10090.ENSMUSP00000002529	967	Snrpb2	Prpf6	ENSMUSG00000008333	ENSMUSG00000002455
10090.ENSMUSP00000008907	10090.ENSMUSP00000003843	967	Man1a2	Man1a	ENSMUSG00000008763	ENSMUSG00000003746
10090.ENSMUSP00000014562	10090.ENSMUSP00000005954	967	Hps5	Bloc1s6	ENSMUSG00000014418	ENSMUSG00000005804
10090.ENSMUSP00000001147	10090.ENSMUSP00000001547	966	Col6a1	Col1a1	ENSMUSG00000001119	ENSMUSG00000001506
10090.ENSMUSP00000001547	10090.ENSMUSP00000001147	966	Col1a1	Col6a1	ENSMUSG00000001506	ENSMUSG00000001119
10090.ENSMUSP00000000641	10090.ENSMUSP00000002079	965	Sema4f	Plxnb3	ENSMUSG00000000627	ENSMUSG00000031385
10090.ENSMUSP00000001202	10090.ENSMUSP00000003121	965	Ocrl	Rab8a	ENSMUSG00000001173	ENSMUSG00000003037
10090.ENSMUSP00000002079	10090.ENSMUSP00000000641	965	Plxnb3	Sema4f	ENSMUSG00000031385	ENSMUSG00000000627
10090.ENSMUSP00000002152	10090.ENSMUSP00000004560	965	Bbc3	Bid	ENSMUSG00000002083	ENSMUSG00000004446
10090.ENSMUSP00000003121	10090.ENSMUSP00000001202	965	Rab8a	Ocrl	ENSMUSG00000003037	ENSMUSG00000001173
10090.ENSMUSP00000003386	10090.ENSMUSP00000003521	965	Mrpl4	Rps11	ENSMUSG00000003299	ENSMUSG00000003429
10090.ENSMUSP00000003521	10090.ENSMUSP00000003386	965	Rps11	Mrpl4	ENSMUSG00000003429	ENSMUSG00000003299
10090.ENSMUSP00000003521	10090.ENSMUSP00000003946	965	Rps11	Nob1	ENSMUSG00000003429	ENSMUSG00000003848
10090.ENSMUSP00000003946	10090.ENSMUSP00000003521	965	Nob1	Rps11	ENSMUSG00000003848	ENSMUSG00000003429
10090.ENSMUSP00000004560	10090.ENSMUSP00000002152	965	Bid	Bbc3	ENSMUSG00000004446	ENSMUSG00000002083
10090.ENSMUSP00000000090	10090.ENSMUSP00000014438	964	Cox5a	Ndufa2	ENSMUSG00000000088	ENSMUSG00000014294
10090.ENSMUSP00000001780	10090.ENSMUSP00000007708	964	Akt1	Ppp2r1a	ENSMUSG00000001729	ENSMUSG00000007564
10090.ENSMUSP00000002551	10090.ENSMUSP00000005830	964	Snrpd1	Bcas2	ENSMUSG00000002477	ENSMUSG00000005687
10090.ENSMUSP00000003284	10090.ENSMUSP00000004330	964	Irf3	Ikbkg	ENSMUSG00000003184	ENSMUSG00000004221
10090.ENSMUSP00000004330	10090.ENSMUSP00000003284	964	Ikbkg	Irf3	ENSMUSG00000004221	ENSMUSG00000003184
10090.ENSMUSP00000005164	10090.ENSMUSP00000007959	964	Prkacb	Rhoa	ENSMUSG00000005034	ENSMUSG00000007815
10090.ENSMUSP00000005606	10090.ENSMUSP00000007959	964	Prkaca	Rhoa	ENSMUSG00000005469	ENSMUSG00000007815
10090.ENSMUSP00000005830	10090.ENSMUSP00000002551	964	Bcas2	Snrpd1	ENSMUSG00000005687	ENSMUSG00000002477
10090.ENSMUSP00000005954	10090.ENSMUSP00000012580	964	Bloc1s6	Hps3	ENSMUSG00000005804	ENSMUSG00000027615
10090.ENSMUSP00000006565	10090.ENSMUSP00000012587	964	Cdc20	Kif11	ENSMUSG00000006398	ENSMUSG00000012443
10090.ENSMUSP00000007171	10090.ENSMUSP00000012281	964	Chrd	Bmp5	ENSMUSG00000006958	ENSMUSG00000032179
10090.ENSMUSP00000007708	10090.ENSMUSP00000001780	964	Ppp2r1a	Akt1	ENSMUSG00000007564	ENSMUSG00000001729
10090.ENSMUSP00000007959	10090.ENSMUSP00000005164	964	Rhoa	Prkacb	ENSMUSG00000007815	ENSMUSG00000005034
10090.ENSMUSP00000007959	10090.ENSMUSP00000005606	964	Rhoa	Prkaca	ENSMUSG00000007815	ENSMUSG00000005469
10090.ENSMUSP00000012281	10090.ENSMUSP00000007171	964	Bmp5	Chrd	ENSMUSG00000032179	ENSMUSG00000006958
10090.ENSMUSP00000012580	10090.ENSMUSP00000005954	964	Hps3	Bloc1s6	ENSMUSG00000027615	ENSMUSG00000005804
10090.ENSMUSP00000012587	10090.ENSMUSP00000006565	964	Kif11	Cdc20	ENSMUSG00000012443	ENSMUSG00000006398
10090.ENSMUSP00000014438	10090.ENSMUSP00000000090	964	Ndufa2	Cox5a	ENSMUSG00000014294	ENSMUSG00000000088
10090.ENSMUSP00000004200	10090.ENSMUSP00000008477	963	Cwc15	Snrpb2	ENSMUSG00000004096	ENSMUSG00000008333
10090.ENSMUSP00000008477	10090.ENSMUSP00000004200	963	Snrpb2	Cwc15	ENSMUSG00000008333	ENSMUSG00000004096
10090.ENSMUSP00000007216	10090.ENSMUSP00000009234	962	Ap2m1	Ap1b1	ENSMUSG00000022841	ENSMUSG00000009090
10090.ENSMUSP00000008350	10090.ENSMUSP00000010049	962	Cers4	Kdsr	ENSMUSG00000008206	ENSMUSG00000009905
10090.ENSMUSP00000009234	10090.ENSMUSP00000007216	962	Ap1b1	Ap2m1	ENSMUSG00000009090	ENSMUSG00000022841
10090.ENSMUSP00000010049	10090.ENSMUSP00000008350	962	Kdsr	Cers4	ENSMUSG00000009905	ENSMUSG00000008206
10090.ENSMUSP00000001419	10090.ENSMUSP00000007266	961	Zmat2	Lsm2	ENSMUSG00000001383	ENSMUSG00000007050
10090.ENSMUSP00000001818	10090.ENSMUSP00000007266	961	Crnkl1	Lsm2	ENSMUSG00000001767	ENSMUSG00000007050
10090.ENSMUSP00000003876	10090.ENSMUSP00000009102	961	Brd8	Vps72	ENSMUSG00000003778	ENSMUSG00000008958
10090.ENSMUSP00000004949	10090.ENSMUSP00000008280	961	Traf6	Fhl2	ENSMUSG00000027164	ENSMUSG00000008136
10090.ENSMUSP00000007266	10090.ENSMUSP00000001419	961	Lsm2	Zmat2	ENSMUSG00000007050	ENSMUSG00000001383
10090.ENSMUSP00000007266	10090.ENSMUSP00000001818	961	Lsm2	Crnkl1	ENSMUSG00000007050	ENSMUSG00000001767
10090.ENSMUSP00000008280	10090.ENSMUSP00000004949	961	Fhl2	Traf6	ENSMUSG00000008136	ENSMUSG00000027164
10090.ENSMUSP00000008477	10090.ENSMUSP00000008517	961	Snrpb2	Prpf31	ENSMUSG00000008333	ENSMUSG00000008373
10090.ENSMUSP00000008517	10090.ENSMUSP00000008477	961	Prpf31	Snrpb2	ENSMUSG00000008373	ENSMUSG00000008333
10090.ENSMUSP00000009102	10090.ENSMUSP00000003876	961	Vps72	Brd8	ENSMUSG00000008958	ENSMUSG00000003778
10090.ENSMUSP00000002198	10090.ENSMUSP00000007266	960	Sf3a1	Lsm2	ENSMUSG00000002129	ENSMUSG00000007050
10090.ENSMUSP00000004990	10090.ENSMUSP00000005066	960	Mapk14	Map2k1	ENSMUSG00000053436	ENSMUSG00000004936
10090.ENSMUSP00000005066	10090.ENSMUSP00000004990	960	Map2k1	Mapk14	ENSMUSG00000004936	ENSMUSG00000053436
10090.ENSMUSP00000005164	10090.ENSMUSP00000007130	960	Prkacb	Ctnnb1	ENSMUSG00000005034	ENSMUSG00000006932
10090.ENSMUSP00000007130	10090.ENSMUSP00000005164	960	Ctnnb1	Prkacb	ENSMUSG00000006932	ENSMUSG00000005034
10090.ENSMUSP00000007266	10090.ENSMUSP00000002198	960	Lsm2	Sf3a1	ENSMUSG00000007050	ENSMUSG00000002129
10090.ENSMUSP00000000451	10090.ENSMUSP00000001780	959	Raf1	Akt1	ENSMUSG00000000441	ENSMUSG00000001729
10090.ENSMUSP00000000542	10090.ENSMUSP00000002678	959	Acvrl1	Tgfb1	ENSMUSG00000000530	ENSMUSG00000002603
10090.ENSMUSP00000001156	10090.ENSMUSP00000006792	959	Cfp	Ncr1	ENSMUSG00000001128	ENSMUSG00000062524
10090.ENSMUSP00000001181	10090.ENSMUSP00000001547	959	Col6a2	Col1a1	ENSMUSG00000020241	ENSMUSG00000001506
10090.ENSMUSP00000001184	10090.ENSMUSP00000004494	959	Mxd1	Sin3b	ENSMUSG00000001156	ENSMUSG00000031622
10090.ENSMUSP00000001547	10090.ENSMUSP00000001181	959	Col1a1	Col6a2	ENSMUSG00000001506	ENSMUSG00000020241
10090.ENSMUSP00000001780	10090.ENSMUSP00000000451	959	Akt1	Raf1	ENSMUSG00000001729	ENSMUSG00000000441
10090.ENSMUSP00000002678	10090.ENSMUSP00000000542	959	Tgfb1	Acvrl1	ENSMUSG00000002603	ENSMUSG00000000530
10090.ENSMUSP00000002844	10090.ENSMUSP00000003521	959	Mrpl2	Rps11	ENSMUSG00000002767	ENSMUSG00000003429
10090.ENSMUSP00000003521	10090.ENSMUSP00000002844	959	Rps11	Mrpl2	ENSMUSG00000003429	ENSMUSG00000002767
10090.ENSMUSP00000003521	10090.ENSMUSP00000004379	959	Rps11	Emg1	ENSMUSG00000003429	ENSMUSG00000004268
10090.ENSMUSP00000004203	10090.ENSMUSP00000004507	959	Ppan	Ddx56	ENSMUSG00000004100	ENSMUSG00000004393
10090.ENSMUSP00000004379	10090.ENSMUSP00000003521	959	Emg1	Rps11	ENSMUSG00000004268	ENSMUSG00000003429
10090.ENSMUSP00000004494	10090.ENSMUSP00000001184	959	Sin3b	Mxd1	ENSMUSG00000031622	ENSMUSG00000001156
10090.ENSMUSP00000004507	10090.ENSMUSP00000004203	959	Ddx56	Ppan	ENSMUSG00000004393	ENSMUSG00000004100
10090.ENSMUSP00000005503	10090.ENSMUSP00000007296	959	Msh6	Pole	ENSMUSG00000005370	ENSMUSG00000007080
10090.ENSMUSP00000005606	10090.ENSMUSP00000007130	959	Prkaca	Ctnnb1	ENSMUSG00000005469	ENSMUSG00000006932
10090.ENSMUSP00000006792	10090.ENSMUSP00000001156	959	Ncr1	Cfp	ENSMUSG00000062524	ENSMUSG00000001128
10090.ENSMUSP00000007130	10090.ENSMUSP00000005606	959	Ctnnb1	Prkaca	ENSMUSG00000006932	ENSMUSG00000005469
10090.ENSMUSP00000007296	10090.ENSMUSP00000005503	959	Pole	Msh6	ENSMUSG00000007080	ENSMUSG00000005370
10090.ENSMUSP00000000260	10090.ENSMUSP00000006764	958	Gmpr	Aprt	ENSMUSG00000000253	ENSMUSG00000006589
10090.ENSMUSP00000001183	10090.ENSMUSP00000005810	958	Ftcd	Mthfd2	ENSMUSG00000001155	ENSMUSG00000005667
10090.ENSMUSP00000005810	10090.ENSMUSP00000001183	958	Mthfd2	Ftcd	ENSMUSG00000005667	ENSMUSG00000001155
10090.ENSMUSP00000006764	10090.ENSMUSP00000000260	958	Aprt	Gmpr	ENSMUSG00000006589	ENSMUSG00000000253
10090.ENSMUSP00000001780	10090.ENSMUSP00000013807	957	Akt1	Pten	ENSMUSG00000001729	ENSMUSG00000013663
10090.ENSMUSP00000001989	10090.ENSMUSP00000005714	957	Uba1	Ube2m	ENSMUSG00000001924	ENSMUSG00000005575
10090.ENSMUSP00000005714	10090.ENSMUSP00000001989	957	Ube2m	Uba1	ENSMUSG00000005575	ENSMUSG00000001924
10090.ENSMUSP00000013807	10090.ENSMUSP00000001780	957	Pten	Akt1	ENSMUSG00000013663	ENSMUSG00000001729
10090.ENSMUSP00000001780	10090.ENSMUSP00000007130	956	Akt1	Ctnnb1	ENSMUSG00000001729	ENSMUSG00000006932
10090.ENSMUSP00000001975	10090.ENSMUSP00000012540	956	Nacc1	Nanog	ENSMUSG00000001910	ENSMUSG00000012396
10090.ENSMUSP00000007130	10090.ENSMUSP00000001780	956	Ctnnb1	Akt1	ENSMUSG00000006932	ENSMUSG00000001729
10090.ENSMUSP00000012540	10090.ENSMUSP00000001975	956	Nanog	Nacc1	ENSMUSG00000012396	ENSMUSG00000001910
10090.ENSMUSP00000001452	10090.ENSMUSP00000006565	955	Cct3	Cdc20	ENSMUSG00000001416	ENSMUSG00000006398
10090.ENSMUSP00000003027	10090.ENSMUSP00000004156	955	Map2k7	Map3k11	ENSMUSG00000002948	ENSMUSG00000004054
10090.ENSMUSP00000003451	10090.ENSMUSP00000004326	955	Rnd1	Plxna3	ENSMUSG00000054855	ENSMUSG00000031398
10090.ENSMUSP00000004156	10090.ENSMUSP00000003027	955	Map3k11	Map2k7	ENSMUSG00000004054	ENSMUSG00000002948
10090.ENSMUSP00000004203	10090.ENSMUSP00000007993	955	Ppan	Rbm28	ENSMUSG00000004100	ENSMUSG00000029701
10090.ENSMUSP00000004326	10090.ENSMUSP00000003451	955	Plxna3	Rnd1	ENSMUSG00000031398	ENSMUSG00000054855
10090.ENSMUSP00000004480	10090.ENSMUSP00000005860	955	Sst	Pvalb	ENSMUSG00000004366	ENSMUSG00000005716
10090.ENSMUSP00000005711	10090.ENSMUSP00000014546	955	Chmp2a	Tsg101	ENSMUSG00000033916	ENSMUSG00000014402
10090.ENSMUSP00000005820	10090.ENSMUSP00000006037	955	Nr1i3	Ncoa2	ENSMUSG00000005677	ENSMUSG00000005886
10090.ENSMUSP00000005860	10090.ENSMUSP00000004480	955	Pvalb	Sst	ENSMUSG00000005716	ENSMUSG00000004366
10090.ENSMUSP00000006037	10090.ENSMUSP00000005820	955	Ncoa2	Nr1i3	ENSMUSG00000005886	ENSMUSG00000005677
10090.ENSMUSP00000006565	10090.ENSMUSP00000001452	955	Cdc20	Cct3	ENSMUSG00000006398	ENSMUSG00000001416
10090.ENSMUSP00000007993	10090.ENSMUSP00000004203	955	Rbm28	Ppan	ENSMUSG00000029701	ENSMUSG00000004100
10090.ENSMUSP00000014546	10090.ENSMUSP00000005711	955	Tsg101	Chmp2a	ENSMUSG00000014402	ENSMUSG00000033916
10090.ENSMUSP00000000129	10090.ENSMUSP00000007130	954	Fer	Ctnnb1	ENSMUSG00000000127	ENSMUSG00000006932
10090.ENSMUSP00000001419	10090.ENSMUSP00000002551	954	Zmat2	Snrpd1	ENSMUSG00000001383	ENSMUSG00000002477
10090.ENSMUSP00000001451	10090.ENSMUSP00000002280	954	Smg5	Smg9	ENSMUSG00000001415	ENSMUSG00000002210
10090.ENSMUSP00000002280	10090.ENSMUSP00000001451	954	Smg9	Smg5	ENSMUSG00000002210	ENSMUSG00000001415
10090.ENSMUSP00000002551	10090.ENSMUSP00000001419	954	Snrpd1	Zmat2	ENSMUSG00000002477	ENSMUSG00000001383
10090.ENSMUSP00000007130	10090.ENSMUSP00000000129	954	Ctnnb1	Fer	ENSMUSG00000006932	ENSMUSG00000000127
10090.ENSMUSP00000000299	10090.ENSMUSP00000005889	953	Itgb2	Vav1	ENSMUSG00000000290	ENSMUSG00000034116
10090.ENSMUSP00000003027	10090.ENSMUSP00000004990	953	Map2k7	Mapk14	ENSMUSG00000002948	ENSMUSG00000053436
10090.ENSMUSP00000003754	10090.ENSMUSP00000005860	953	Calb2	Pvalb	ENSMUSG00000003657	ENSMUSG00000005716
10090.ENSMUSP00000004990	10090.ENSMUSP00000003027	953	Mapk14	Map2k7	ENSMUSG00000053436	ENSMUSG00000002948
10090.ENSMUSP00000005606	10090.ENSMUSP00000009689	953	Prkaca	Kcnq1	ENSMUSG00000005469	ENSMUSG00000009545
10090.ENSMUSP00000005860	10090.ENSMUSP00000003754	953	Pvalb	Calb2	ENSMUSG00000005716	ENSMUSG00000003657
10090.ENSMUSP00000005889	10090.ENSMUSP00000000299	953	Vav1	Itgb2	ENSMUSG00000034116	ENSMUSG00000000290
10090.ENSMUSP00000009689	10090.ENSMUSP00000005606	953	Kcnq1	Prkaca	ENSMUSG00000009545	ENSMUSG00000005469
10090.ENSMUSP00000002198	10090.ENSMUSP00000008477	952	Sf3a1	Snrpb2	ENSMUSG00000002129	ENSMUSG00000008333
10090.ENSMUSP00000002289	10090.ENSMUSP00000010520	952	Uchl3	Nedd8	ENSMUSG00000022111	ENSMUSG00000010376
10090.ENSMUSP00000002891	10090.ENSMUSP00000005630	952	Top3a	Msh4	ENSMUSG00000002814	ENSMUSG00000005493
10090.ENSMUSP00000005164	10090.ENSMUSP00000009689	952	Prkacb	Kcnq1	ENSMUSG00000005034	ENSMUSG00000009545
10090.ENSMUSP00000005630	10090.ENSMUSP00000002891	952	Msh4	Top3a	ENSMUSG00000005493	ENSMUSG00000002814
10090.ENSMUSP00000005671	10090.ENSMUSP00000007799	952	Igf1r	Cav1	ENSMUSG00000005533	ENSMUSG00000007655
10090.ENSMUSP00000007799	10090.ENSMUSP00000005671	952	Cav1	Igf1r	ENSMUSG00000007655	ENSMUSG00000005533
10090.ENSMUSP00000008477	10090.ENSMUSP00000002198	952	Snrpb2	Sf3a1	ENSMUSG00000008333	ENSMUSG00000002129
10090.ENSMUSP00000009689	10090.ENSMUSP00000005164	952	Kcnq1	Prkacb	ENSMUSG00000009545	ENSMUSG00000005034
10090.ENSMUSP00000010007	10090.ENSMUSP00000014438	952	Sdhb	Ndufa2	ENSMUSG00000009863	ENSMUSG00000014294
10090.ENSMUSP00000010520	10090.ENSMUSP00000002289	952	Nedd8	Uchl3	ENSMUSG00000010376	ENSMUSG00000022111
10090.ENSMUSP00000014438	10090.ENSMUSP00000010007	952	Ndufa2	Sdhb	ENSMUSG00000014294	ENSMUSG00000009863
10090.ENSMUSP00000001780	10090.ENSMUSP00000005889	951	Akt1	Vav1	ENSMUSG00000001729	ENSMUSG00000034116
10090.ENSMUSP00000002818	10090.ENSMUSP00000006181	951	Ykt6	Napa	ENSMUSG00000002741	ENSMUSG00000006024
10090.ENSMUSP00000004330	10090.ENSMUSP00000013949	951	Ikbkg	Birc3	ENSMUSG00000004221	ENSMUSG00000032000
10090.ENSMUSP00000005889	10090.ENSMUSP00000001780	951	Vav1	Akt1	ENSMUSG00000034116	ENSMUSG00000001729
10090.ENSMUSP00000006181	10090.ENSMUSP00000002818	951	Napa	Ykt6	ENSMUSG00000006024	ENSMUSG00000002741
10090.ENSMUSP00000013949	10090.ENSMUSP00000004330	951	Birc3	Ikbkg	ENSMUSG00000032000	ENSMUSG00000004221
10090.ENSMUSP00000000451	10090.ENSMUSP00000001155	950	Raf1	Araf	ENSMUSG00000000441	ENSMUSG00000001127
10090.ENSMUSP00000001155	10090.ENSMUSP00000000451	950	Araf	Raf1	ENSMUSG00000001127	ENSMUSG00000000441
10090.ENSMUSP00000001419	10090.ENSMUSP00000002198	950	Zmat2	Sf3a1	ENSMUSG00000001383	ENSMUSG00000002129
10090.ENSMUSP00000002198	10090.ENSMUSP00000001419	950	Sf3a1	Zmat2	ENSMUSG00000002129	ENSMUSG00000001383
10090.ENSMUSP00000002551	10090.ENSMUSP00000010278	950	Snrpd1	Wdr77	ENSMUSG00000002477	ENSMUSG00000000561
10090.ENSMUSP00000010278	10090.ENSMUSP00000002551	950	Wdr77	Snrpd1	ENSMUSG00000000561	ENSMUSG00000002477
10090.ENSMUSP00000000505	10090.ENSMUSP00000006856	949	Mcm7	Pola1	ENSMUSG00000029730	ENSMUSG00000006678
10090.ENSMUSP00000002029	10090.ENSMUSP00000005003	949	Emd	Lbr	ENSMUSG00000001964	ENSMUSG00000004880
10090.ENSMUSP00000005003	10090.ENSMUSP00000002029	949	Lbr	Emd	ENSMUSG00000004880	ENSMUSG00000001964
10090.ENSMUSP00000006856	10090.ENSMUSP00000000505	949	Pola1	Mcm7	ENSMUSG00000006678	ENSMUSG00000029730
10090.ENSMUSP00000000342	10090.ENSMUSP00000004936	948	Ccl11	Ccl24	ENSMUSG00000020676	ENSMUSG00000004814
10090.ENSMUSP00000001452	10090.ENSMUSP00000013130	948	Cct3	Strn3	ENSMUSG00000001416	ENSMUSG00000020954
10090.ENSMUSP00000001780	10090.ENSMUSP00000004949	948	Akt1	Traf6	ENSMUSG00000001729	ENSMUSG00000027164
10090.ENSMUSP00000002883	10090.ENSMUSP00000010044	948	Sfrp4	Wnt3a	ENSMUSG00000021319	ENSMUSG00000009900
10090.ENSMUSP00000004936	10090.ENSMUSP00000000342	948	Ccl24	Ccl11	ENSMUSG00000004814	ENSMUSG00000020676
10090.ENSMUSP00000004949	10090.ENSMUSP00000001780	948	Traf6	Akt1	ENSMUSG00000027164	ENSMUSG00000001729
10090.ENSMUSP00000010044	10090.ENSMUSP00000002883	948	Wnt3a	Sfrp4	ENSMUSG00000009900	ENSMUSG00000021319
10090.ENSMUSP00000013130	10090.ENSMUSP00000001452	948	Strn3	Cct3	ENSMUSG00000020954	ENSMUSG00000001416
10090.ENSMUSP00000001326	10090.ENSMUSP00000004990	947	Sp1	Mapk14	ENSMUSG00000001280	ENSMUSG00000053436
10090.ENSMUSP00000001452	10090.ENSMUSP00000007248	947	Cct3	Hspa1l	ENSMUSG00000001416	ENSMUSG00000007033
10090.ENSMUSP00000001818	10090.ENSMUSP00000005015	947	Crnkl1	Prcc	ENSMUSG00000001767	ENSMUSG00000004895
10090.ENSMUSP00000004990	10090.ENSMUSP00000001326	947	Mapk14	Sp1	ENSMUSG00000053436	ENSMUSG00000001280
10090.ENSMUSP00000005015	10090.ENSMUSP00000001818	947	Prcc	Crnkl1	ENSMUSG00000004895	ENSMUSG00000001767
10090.ENSMUSP00000006053	10090.ENSMUSP00000008350	947	Smpd4	Cers4	ENSMUSG00000005899	ENSMUSG00000008206
10090.ENSMUSP00000007248	10090.ENSMUSP00000001452	947	Hspa1l	Cct3	ENSMUSG00000007033	ENSMUSG00000001416
10090.ENSMUSP00000008350	10090.ENSMUSP00000006053	947	Cers4	Smpd4	ENSMUSG00000008206	ENSMUSG00000005899
10090.ENSMUSP00000000590	10090.ENSMUSP00000002572	946	Rdx	Slc9a3r2	ENSMUSG00000032050	ENSMUSG00000002504
10090.ENSMUSP00000001319	10090.ENSMUSP00000006614	946	Efnb2	Epha2	ENSMUSG00000001300	ENSMUSG00000006445
10090.ENSMUSP00000002572	10090.ENSMUSP00000000590	946	Slc9a3r2	Rdx	ENSMUSG00000002504	ENSMUSG00000032050
10090.ENSMUSP00000003645	10090.ENSMUSP00000005503	946	Ercc1	Msh6	ENSMUSG00000003549	ENSMUSG00000005370
10090.ENSMUSP00000003870	10090.ENSMUSP00000006565	946	Mxi1	Cdc20	ENSMUSG00000025025	ENSMUSG00000006398
10090.ENSMUSP00000005503	10090.ENSMUSP00000003645	946	Msh6	Ercc1	ENSMUSG00000005370	ENSMUSG00000003549
10090.ENSMUSP00000005711	10090.ENSMUSP00000006217	946	Chmp2a	Snf8	ENSMUSG00000033916	ENSMUSG00000006058
10090.ENSMUSP00000006217	10090.ENSMUSP00000005711	946	Snf8	Chmp2a	ENSMUSG00000006058	ENSMUSG00000033916
10090.ENSMUSP00000006565	10090.ENSMUSP00000003870	946	Cdc20	Mxi1	ENSMUSG00000006398	ENSMUSG00000025025
10090.ENSMUSP00000006614	10090.ENSMUSP00000001319	946	Epha2	Efnb2	ENSMUSG00000006445	ENSMUSG00000001300
10090.ENSMUSP00000004206	10090.ENSMUSP00000007139	945	Eif3g	Eif1b	ENSMUSG00000070319	ENSMUSG00000006941
10090.ENSMUSP00000007139	10090.ENSMUSP00000004206	945	Eif1b	Eif3g	ENSMUSG00000006941	ENSMUSG00000070319
10090.ENSMUSP00000007449	10090.ENSMUSP00000011526	945	Akr1b7	Dhdh	ENSMUSG00000052131	ENSMUSG00000011382
10090.ENSMUSP00000011526	10090.ENSMUSP00000007449	945	Dhdh	Akr1b7	ENSMUSG00000011382	ENSMUSG00000052131
10090.ENSMUSP00000000194	10090.ENSMUSP00000009329	944	Ccl12	Ccl8	ENSMUSG00000035352	ENSMUSG00000009185
10090.ENSMUSP00000000579	10090.ENSMUSP00000005606	944	Sox9	Prkaca	ENSMUSG00000000567	ENSMUSG00000005469
10090.ENSMUSP00000000642	10090.ENSMUSP00000004327	944	Hk2	G6pdx	ENSMUSG00000000628	ENSMUSG00000031400
10090.ENSMUSP00000003521	10090.ENSMUSP00000004470	944	Rps11	Utp20	ENSMUSG00000003429	ENSMUSG00000004356
10090.ENSMUSP00000004327	10090.ENSMUSP00000000642	944	G6pdx	Hk2	ENSMUSG00000031400	ENSMUSG00000000628
10090.ENSMUSP00000004470	10090.ENSMUSP00000003521	944	Utp20	Rps11	ENSMUSG00000004356	ENSMUSG00000003429
10090.ENSMUSP00000005606	10090.ENSMUSP00000000579	944	Prkaca	Sox9	ENSMUSG00000005469	ENSMUSG00000000567
10090.ENSMUSP00000009329	10090.ENSMUSP00000000194	944	Ccl8	Ccl12	ENSMUSG00000009185	ENSMUSG00000035352
10090.ENSMUSP00000000348	10090.ENSMUSP00000001834	943	Rtca	Rtcb	ENSMUSG00000000339	ENSMUSG00000001783
10090.ENSMUSP00000001780	10090.ENSMUSP00000007799	943	Akt1	Cav1	ENSMUSG00000001729	ENSMUSG00000007655
10090.ENSMUSP00000001834	10090.ENSMUSP00000000348	943	Rtcb	Rtca	ENSMUSG00000001783	ENSMUSG00000000339
10090.ENSMUSP00000007266	10090.ENSMUSP00000008477	943	Lsm2	Snrpb2	ENSMUSG00000007050	ENSMUSG00000008333
10090.ENSMUSP00000007799	10090.ENSMUSP00000001780	943	Cav1	Akt1	ENSMUSG00000007655	ENSMUSG00000001729
10090.ENSMUSP00000008477	10090.ENSMUSP00000007266	943	Snrpb2	Lsm2	ENSMUSG00000008333	ENSMUSG00000007050
10090.ENSMUSP00000000219	10090.ENSMUSP00000004770	942	Th	Tyr	ENSMUSG00000000214	ENSMUSG00000004651
10090.ENSMUSP00000004770	10090.ENSMUSP00000000219	942	Tyr	Th	ENSMUSG00000004651	ENSMUSG00000000214
10090.ENSMUSP00000005826	10090.ENSMUSP00000007005	942	Cs	Acat2	ENSMUSG00000005683	ENSMUSG00000023832
10090.ENSMUSP00000007005	10090.ENSMUSP00000005826	942	Acat2	Cs	ENSMUSG00000023832	ENSMUSG00000005683
10090.ENSMUSP00000000175	10090.ENSMUSP00000005647	941	Sdhd	Ndufs3	ENSMUSG00000000171	ENSMUSG00000005510
10090.ENSMUSP00000000260	10090.ENSMUSP00000005829	941	Gmpr	Ampd3	ENSMUSG00000000253	ENSMUSG00000005686
10090.ENSMUSP00000001415	10090.ENSMUSP00000005406	941	Apbb3	App	ENSMUSG00000117679	ENSMUSG00000022892
10090.ENSMUSP00000002121	10090.ENSMUSP00000004786	941	Supt6	Polr2e	ENSMUSG00000002052	ENSMUSG00000004667
10090.ENSMUSP00000003521	10090.ENSMUSP00000004206	941	Rps11	Eif3g	ENSMUSG00000003429	ENSMUSG00000070319
10090.ENSMUSP00000004206	10090.ENSMUSP00000003521	941	Eif3g	Rps11	ENSMUSG00000070319	ENSMUSG00000003429
10090.ENSMUSP00000004330	10090.ENSMUSP00000005064	941	Ikbkg	Pias4	ENSMUSG00000004221	ENSMUSG00000004934
10090.ENSMUSP00000004786	10090.ENSMUSP00000002121	941	Polr2e	Supt6	ENSMUSG00000004667	ENSMUSG00000002052
10090.ENSMUSP00000005064	10090.ENSMUSP00000004330	941	Pias4	Ikbkg	ENSMUSG00000004934	ENSMUSG00000004221
10090.ENSMUSP00000005164	10090.ENSMUSP00000005606	941	Prkacb	Prkaca	ENSMUSG00000005034	ENSMUSG00000005469
10090.ENSMUSP00000005218	10090.ENSMUSP00000005889	941	Cd44	Vav1	ENSMUSG00000005087	ENSMUSG00000034116
10090.ENSMUSP00000005406	10090.ENSMUSP00000001415	941	App	Apbb3	ENSMUSG00000022892	ENSMUSG00000117679
10090.ENSMUSP00000005606	10090.ENSMUSP00000005164	941	Prkaca	Prkacb	ENSMUSG00000005469	ENSMUSG00000005034
10090.ENSMUSP00000005647	10090.ENSMUSP00000000175	941	Ndufs3	Sdhd	ENSMUSG00000005510	ENSMUSG00000000171
10090.ENSMUSP00000005829	10090.ENSMUSP00000000260	941	Ampd3	Gmpr	ENSMUSG00000005686	ENSMUSG00000000253
10090.ENSMUSP00000005889	10090.ENSMUSP00000005218	941	Vav1	Cd44	ENSMUSG00000034116	ENSMUSG00000005087
10090.ENSMUSP00000006912	10090.ENSMUSP00000013970	941	Pip4k2a	Pip4k2c	ENSMUSG00000026737	ENSMUSG00000025417
10090.ENSMUSP00000013970	10090.ENSMUSP00000006912	941	Pip4k2c	Pip4k2a	ENSMUSG00000025417	ENSMUSG00000026737
10090.ENSMUSP00000004507	10090.ENSMUSP00000007993	940	Ddx56	Rbm28	ENSMUSG00000004393	ENSMUSG00000029701
10090.ENSMUSP00000007993	10090.ENSMUSP00000004507	940	Rbm28	Ddx56	ENSMUSG00000029701	ENSMUSG00000004393
10090.ENSMUSP00000001818	10090.ENSMUSP00000008477	939	Crnkl1	Snrpb2	ENSMUSG00000001767	ENSMUSG00000008333
10090.ENSMUSP00000002044	10090.ENSMUSP00000004949	939	Map3k3	Traf6	ENSMUSG00000020700	ENSMUSG00000027164
10090.ENSMUSP00000004949	10090.ENSMUSP00000002044	939	Traf6	Map3k3	ENSMUSG00000027164	ENSMUSG00000020700
10090.ENSMUSP00000008477	10090.ENSMUSP00000001818	939	Snrpb2	Crnkl1	ENSMUSG00000008333	ENSMUSG00000001767
10090.ENSMUSP00000002044	10090.ENSMUSP00000004330	938	Map3k3	Ikbkg	ENSMUSG00000020700	ENSMUSG00000004221
10090.ENSMUSP00000002846	10090.ENSMUSP00000006544	938	Gnmt	Gcat	ENSMUSG00000002769	ENSMUSG00000006378
10090.ENSMUSP00000004330	10090.ENSMUSP00000002044	938	Ikbkg	Map3k3	ENSMUSG00000004221	ENSMUSG00000020700
10090.ENSMUSP00000004565	10090.ENSMUSP00000009003	938	Ralb	Rala	ENSMUSG00000004451	ENSMUSG00000008859
10090.ENSMUSP00000006544	10090.ENSMUSP00000002846	938	Gcat	Gnmt	ENSMUSG00000006378	ENSMUSG00000002769
10090.ENSMUSP00000009003	10090.ENSMUSP00000004565	938	Rala	Ralb	ENSMUSG00000008859	ENSMUSG00000004451
10090.ENSMUSP00000000219	10090.ENSMUSP00000000910	937	Th	Dbh	ENSMUSG00000000214	ENSMUSG00000000889
10090.ENSMUSP00000000910	10090.ENSMUSP00000000219	937	Dbh	Th	ENSMUSG00000000889	ENSMUSG00000000214
10090.ENSMUSP00000004646	10090.ENSMUSP00000007130	937	Coro1c	Ctnnb1	ENSMUSG00000004530	ENSMUSG00000006932
10090.ENSMUSP00000007130	10090.ENSMUSP00000004646	937	Ctnnb1	Coro1c	ENSMUSG00000006932	ENSMUSG00000004530
10090.ENSMUSP00000001412	10090.ENSMUSP00000006221	936	Vps50	Vps54	ENSMUSG00000001376	ENSMUSG00000020128
10090.ENSMUSP00000003645	10090.ENSMUSP00000004120	936	Ercc1	Fancl	ENSMUSG00000003549	ENSMUSG00000004018
10090.ENSMUSP00000004120	10090.ENSMUSP00000003645	936	Fancl	Ercc1	ENSMUSG00000004018	ENSMUSG00000003549
10090.ENSMUSP00000004202	10090.ENSMUSP00000005705	936	Dnmt1	Trim28	ENSMUSG00000004099	ENSMUSG00000005566
10090.ENSMUSP00000005066	10090.ENSMUSP00000009774	936	Map2k1	Ppp2cb	ENSMUSG00000004936	ENSMUSG00000009630
10090.ENSMUSP00000005705	10090.ENSMUSP00000004202	936	Trim28	Dnmt1	ENSMUSG00000005566	ENSMUSG00000004099
10090.ENSMUSP00000006221	10090.ENSMUSP00000001412	936	Vps54	Vps50	ENSMUSG00000020128	ENSMUSG00000001376
10090.ENSMUSP00000009774	10090.ENSMUSP00000005066	936	Ppp2cb	Map2k1	ENSMUSG00000009630	ENSMUSG00000004936
10090.ENSMUSP00000000451	10090.ENSMUSP00000007959	935	Raf1	Rhoa	ENSMUSG00000000441	ENSMUSG00000007815
10090.ENSMUSP00000000889	10090.ENSMUSP00000003981	935	Il4	Il7r	ENSMUSG00000000869	ENSMUSG00000003882
10090.ENSMUSP00000001834	10090.ENSMUSP00000010434	935	Rtcb	AI597479	ENSMUSG00000001783	ENSMUSG00000010290
10090.ENSMUSP00000003981	10090.ENSMUSP00000000889	935	Il7r	Il4	ENSMUSG00000003882	ENSMUSG00000000869
10090.ENSMUSP00000007959	10090.ENSMUSP00000000451	935	Rhoa	Raf1	ENSMUSG00000007815	ENSMUSG00000000441
10090.ENSMUSP00000010434	10090.ENSMUSP00000001834	935	AI597479	Rtcb	ENSMUSG00000010290	ENSMUSG00000001783
10090.ENSMUSP00000002397	10090.ENSMUSP00000006764	934	Gmpr2	Aprt	ENSMUSG00000002326	ENSMUSG00000006589
10090.ENSMUSP00000003310	10090.ENSMUSP00000010241	934	Ranbp2	Nxf1	ENSMUSG00000003226	ENSMUSG00000010097
10090.ENSMUSP00000004622	10090.ENSMUSP00000005815	934	Gab2	Kit	ENSMUSG00000004508	ENSMUSG00000005672
10090.ENSMUSP00000005815	10090.ENSMUSP00000004622	934	Kit	Gab2	ENSMUSG00000005672	ENSMUSG00000004508
10090.ENSMUSP00000006764	10090.ENSMUSP00000002397	934	Aprt	Gmpr2	ENSMUSG00000006589	ENSMUSG00000002326
10090.ENSMUSP00000010241	10090.ENSMUSP00000003310	934	Nxf1	Ranbp2	ENSMUSG00000010097	ENSMUSG00000003226
10090.ENSMUSP00000001724	10090.ENSMUSP00000004507	933	Ddx18	Ddx56	ENSMUSG00000001674	ENSMUSG00000004393
10090.ENSMUSP00000002121	10090.ENSMUSP00000003529	933	Supt6	Paf1	ENSMUSG00000002052	ENSMUSG00000003437
10090.ENSMUSP00000002457	10090.ENSMUSP00000007171	933	Bmp8b	Chrd	ENSMUSG00000002384	ENSMUSG00000006958
10090.ENSMUSP00000003529	10090.ENSMUSP00000002121	933	Paf1	Supt6	ENSMUSG00000003437	ENSMUSG00000002052
10090.ENSMUSP00000004507	10090.ENSMUSP00000001724	933	Ddx56	Ddx18	ENSMUSG00000004393	ENSMUSG00000001674
10090.ENSMUSP00000004920	10090.ENSMUSP00000004949	933	Ulk2	Traf6	ENSMUSG00000004798	ENSMUSG00000027164
10090.ENSMUSP00000004949	10090.ENSMUSP00000004920	933	Traf6	Ulk2	ENSMUSG00000027164	ENSMUSG00000004798
10090.ENSMUSP00000007005	10090.ENSMUSP00000008052	933	Acat2	Hmgcll1	ENSMUSG00000023832	ENSMUSG00000007908
10090.ENSMUSP00000007171	10090.ENSMUSP00000002457	933	Chrd	Bmp8b	ENSMUSG00000006958	ENSMUSG00000002384
10090.ENSMUSP00000008052	10090.ENSMUSP00000007005	933	Hmgcll1	Acat2	ENSMUSG00000007908	ENSMUSG00000023832
10090.ENSMUSP00000001326	10090.ENSMUSP00000005164	932	Sp1	Prkacb	ENSMUSG00000001280	ENSMUSG00000005034
10090.ENSMUSP00000001326	10090.ENSMUSP00000005606	932	Sp1	Prkaca	ENSMUSG00000001280	ENSMUSG00000005469
10090.ENSMUSP00000001547	10090.ENSMUSP00000004201	932	Col1a1	Col5a3	ENSMUSG00000001506	ENSMUSG00000004098
10090.ENSMUSP00000004201	10090.ENSMUSP00000001547	932	Col5a3	Col1a1	ENSMUSG00000004098	ENSMUSG00000001506
10090.ENSMUSP00000005164	10090.ENSMUSP00000001326	932	Prkacb	Sp1	ENSMUSG00000005034	ENSMUSG00000001280
10090.ENSMUSP00000005606	10090.ENSMUSP00000001326	932	Prkaca	Sp1	ENSMUSG00000005469	ENSMUSG00000001280
10090.ENSMUSP00000000001	10090.ENSMUSP00000000574	931	Gnai3	Adora3	ENSMUSG00000000001	ENSMUSG00000000562
10090.ENSMUSP00000000153	10090.ENSMUSP00000006005	931	Gna12	Pth1r	ENSMUSG00000000149	ENSMUSG00000032492
10090.ENSMUSP00000000574	10090.ENSMUSP00000000001	931	Adora3	Gnai3	ENSMUSG00000000562	ENSMUSG00000000001
10090.ENSMUSP00000001027	10090.ENSMUSP00000004232	931	Aox1	Adh1	ENSMUSG00000063558	ENSMUSG00000074207
10090.ENSMUSP00000001202	10090.ENSMUSP00000006912	931	Ocrl	Pip4k2a	ENSMUSG00000001173	ENSMUSG00000026737
10090.ENSMUSP00000001724	10090.ENSMUSP00000007993	931	Ddx18	Rbm28	ENSMUSG00000001674	ENSMUSG00000029701
10090.ENSMUSP00000002603	10090.ENSMUSP00000007130	931	Scrib	Ctnnb1	ENSMUSG00000022568	ENSMUSG00000006932
10090.ENSMUSP00000003370	10090.ENSMUSP00000004622	931	Hck	Gab2	ENSMUSG00000003283	ENSMUSG00000004508
10090.ENSMUSP00000003964	10090.ENSMUSP00000005164	931	Gys1	Prkacb	ENSMUSG00000003865	ENSMUSG00000005034
10090.ENSMUSP00000003964	10090.ENSMUSP00000005606	931	Gys1	Prkaca	ENSMUSG00000003865	ENSMUSG00000005469
10090.ENSMUSP00000004232	10090.ENSMUSP00000001027	931	Adh1	Aox1	ENSMUSG00000074207	ENSMUSG00000063558
10090.ENSMUSP00000004622	10090.ENSMUSP00000003370	931	Gab2	Hck	ENSMUSG00000004508	ENSMUSG00000003283
10090.ENSMUSP00000005164	10090.ENSMUSP00000003964	931	Prkacb	Gys1	ENSMUSG00000005034	ENSMUSG00000003865
10090.ENSMUSP00000005606	10090.ENSMUSP00000003964	931	Prkaca	Gys1	ENSMUSG00000005469	ENSMUSG00000003865
10090.ENSMUSP00000006005	10090.ENSMUSP00000000153	931	Pth1r	Gna12	ENSMUSG00000032492	ENSMUSG00000000149
10090.ENSMUSP00000006912	10090.ENSMUSP00000001202	931	Pip4k2a	Ocrl	ENSMUSG00000026737	ENSMUSG00000001173
10090.ENSMUSP00000007130	10090.ENSMUSP00000002603	931	Ctnnb1	Scrib	ENSMUSG00000006932	ENSMUSG00000022568
10090.ENSMUSP00000007993	10090.ENSMUSP00000001724	931	Rbm28	Ddx18	ENSMUSG00000029701	ENSMUSG00000001674
10090.ENSMUSP00000008052	10090.ENSMUSP00000010795	931	Hmgcll1	Acaa1b	ENSMUSG00000007908	ENSMUSG00000010651
10090.ENSMUSP00000010795	10090.ENSMUSP00000008052	931	Acaa1b	Hmgcll1	ENSMUSG00000010651	ENSMUSG00000007908
10090.ENSMUSP00000000312	10090.ENSMUSP00000002603	930	Cdh1	Scrib	ENSMUSG00000000303	ENSMUSG00000022568
10090.ENSMUSP00000000804	10090.ENSMUSP00000013949	930	Ddx3x	Birc3	ENSMUSG00000000787	ENSMUSG00000032000
10090.ENSMUSP00000002603	10090.ENSMUSP00000000312	930	Scrib	Cdh1	ENSMUSG00000022568	ENSMUSG00000000303
10090.ENSMUSP00000003450	10090.ENSMUSP00000007266	930	Ddx23	Lsm2	ENSMUSG00000003360	ENSMUSG00000007050
10090.ENSMUSP00000007266	10090.ENSMUSP00000003450	930	Lsm2	Ddx23	ENSMUSG00000007050	ENSMUSG00000003360
10090.ENSMUSP00000013949	10090.ENSMUSP00000000804	930	Birc3	Ddx3x	ENSMUSG00000032000	ENSMUSG00000000787
10090.ENSMUSP00000001027	10090.ENSMUSP00000013458	929	Aox1	Adh4	ENSMUSG00000063558	ENSMUSG00000037797
10090.ENSMUSP00000001202	10090.ENSMUSP00000013807	929	Ocrl	Pten	ENSMUSG00000001173	ENSMUSG00000013663
10090.ENSMUSP00000001818	10090.ENSMUSP00000002198	929	Crnkl1	Sf3a1	ENSMUSG00000001767	ENSMUSG00000002129
10090.ENSMUSP00000002198	10090.ENSMUSP00000001818	929	Sf3a1	Crnkl1	ENSMUSG00000002129	ENSMUSG00000001767
10090.ENSMUSP00000013458	10090.ENSMUSP00000001027	929	Adh4	Aox1	ENSMUSG00000037797	ENSMUSG00000063558
10090.ENSMUSP00000013807	10090.ENSMUSP00000001202	929	Pten	Ocrl	ENSMUSG00000013663	ENSMUSG00000001173
10090.ENSMUSP00000001202	10090.ENSMUSP00000013970	928	Ocrl	Pip4k2c	ENSMUSG00000001173	ENSMUSG00000025417
10090.ENSMUSP00000001757	10090.ENSMUSP00000006838	928	Eef1e1	Qars	ENSMUSG00000001707	ENSMUSG00000032604
10090.ENSMUSP00000003946	10090.ENSMUSP00000008812	928	Nob1	Rps18	ENSMUSG00000003848	ENSMUSG00000008668
10090.ENSMUSP00000006838	10090.ENSMUSP00000001757	928	Qars	Eef1e1	ENSMUSG00000032604	ENSMUSG00000001707
10090.ENSMUSP00000008812	10090.ENSMUSP00000003946	928	Rps18	Nob1	ENSMUSG00000008668	ENSMUSG00000003848
10090.ENSMUSP00000013970	10090.ENSMUSP00000001202	928	Pip4k2c	Ocrl	ENSMUSG00000025417	ENSMUSG00000001173
10090.ENSMUSP00000000260	10090.ENSMUSP00000002397	927	Gmpr	Gmpr2	ENSMUSG00000000253	ENSMUSG00000002326
10090.ENSMUSP00000002397	10090.ENSMUSP00000000260	927	Gmpr2	Gmpr	ENSMUSG00000002326	ENSMUSG00000000253
10090.ENSMUSP00000004379	10090.ENSMUSP00000008004	927	Emg1	Ddx49	ENSMUSG00000004268	ENSMUSG00000057788
10090.ENSMUSP00000004732	10090.ENSMUSP00000006431	927	Lim2	Atp6v1b1	ENSMUSG00000118560	ENSMUSG00000006269
10090.ENSMUSP00000004732	10090.ENSMUSP00000006435	927	Lim2	Atp6v1b2	ENSMUSG00000118560	ENSMUSG00000006273
10090.ENSMUSP00000006217	10090.ENSMUSP00000014546	927	Snf8	Tsg101	ENSMUSG00000006058	ENSMUSG00000014402
10090.ENSMUSP00000006431	10090.ENSMUSP00000004732	927	Atp6v1b1	Lim2	ENSMUSG00000006269	ENSMUSG00000118560
10090.ENSMUSP00000006435	10090.ENSMUSP00000004732	927	Atp6v1b2	Lim2	ENSMUSG00000006273	ENSMUSG00000118560
10090.ENSMUSP00000008004	10090.ENSMUSP00000004379	927	Ddx49	Emg1	ENSMUSG00000057788	ENSMUSG00000004268
10090.ENSMUSP00000014546	10090.ENSMUSP00000006217	927	Tsg101	Snf8	ENSMUSG00000014402	ENSMUSG00000006058
10090.ENSMUSP00000000219	10090.ENSMUSP00000001720	926	Th	Tat	ENSMUSG00000000214	ENSMUSG00000001670
10090.ENSMUSP00000000329	10090.ENSMUSP00000003574	926	Alox12	Cyp4f18	ENSMUSG00000000320	ENSMUSG00000003484
10090.ENSMUSP00000000450	10090.ENSMUSP00000002678	926	Pparg	Tgfb1	ENSMUSG00000000440	ENSMUSG00000002603
10090.ENSMUSP00000001720	10090.ENSMUSP00000000219	926	Tat	Th	ENSMUSG00000001670	ENSMUSG00000000214
10090.ENSMUSP00000002395	10090.ENSMUSP00000009774	926	Rec8	Ppp2cb	ENSMUSG00000002324	ENSMUSG00000009630
10090.ENSMUSP00000002678	10090.ENSMUSP00000000450	926	Tgfb1	Pparg	ENSMUSG00000002603	ENSMUSG00000000440
10090.ENSMUSP00000003574	10090.ENSMUSP00000000329	926	Cyp4f18	Alox12	ENSMUSG00000003484	ENSMUSG00000000320
10090.ENSMUSP00000009774	10090.ENSMUSP00000002395	926	Ppp2cb	Rec8	ENSMUSG00000009630	ENSMUSG00000002324
10090.ENSMUSP00000000317	10090.ENSMUSP00000009036	925	Ckmt1	Vdac3	ENSMUSG00000000308	ENSMUSG00000008892
10090.ENSMUSP00000000579	10090.ENSMUSP00000005164	925	Sox9	Prkacb	ENSMUSG00000000567	ENSMUSG00000005034
10090.ENSMUSP00000000756	10090.ENSMUSP00000002844	925	Rpl13	Mrpl2	ENSMUSG00000000740	ENSMUSG00000002767
10090.ENSMUSP00000001027	10090.ENSMUSP00000005964	925	Aox1	Adh5	ENSMUSG00000063558	ENSMUSG00000028138
10090.ENSMUSP00000002395	10090.ENSMUSP00000007708	925	Rec8	Ppp2r1a	ENSMUSG00000002324	ENSMUSG00000007564
10090.ENSMUSP00000002844	10090.ENSMUSP00000000756	925	Mrpl2	Rpl13	ENSMUSG00000002767	ENSMUSG00000000740
10090.ENSMUSP00000003038	10090.ENSMUSP00000009234	925	Ap2a2	Ap1b1	ENSMUSG00000002957	ENSMUSG00000009090
10090.ENSMUSP00000004732	10090.ENSMUSP00000013304	925	Lim2	Atp6v0d1	ENSMUSG00000118560	ENSMUSG00000013160
10090.ENSMUSP00000004770	10090.ENSMUSP00000006151	925	Tyr	Tyrp1	ENSMUSG00000004651	ENSMUSG00000005994
10090.ENSMUSP00000005066	10090.ENSMUSP00000005164	925	Map2k1	Prkacb	ENSMUSG00000004936	ENSMUSG00000005034
10090.ENSMUSP00000005164	10090.ENSMUSP00000000579	925	Prkacb	Sox9	ENSMUSG00000005034	ENSMUSG00000000567
10090.ENSMUSP00000005164	10090.ENSMUSP00000005066	925	Prkacb	Map2k1	ENSMUSG00000005034	ENSMUSG00000004936
10090.ENSMUSP00000005964	10090.ENSMUSP00000001027	925	Adh5	Aox1	ENSMUSG00000028138	ENSMUSG00000063558
10090.ENSMUSP00000006151	10090.ENSMUSP00000004770	925	Tyrp1	Tyr	ENSMUSG00000005994	ENSMUSG00000004651
10090.ENSMUSP00000006912	10090.ENSMUSP00000013807	925	Pip4k2a	Pten	ENSMUSG00000026737	ENSMUSG00000013663
10090.ENSMUSP00000007708	10090.ENSMUSP00000002395	925	Ppp2r1a	Rec8	ENSMUSG00000007564	ENSMUSG00000002324
10090.ENSMUSP00000009036	10090.ENSMUSP00000000317	925	Vdac3	Ckmt1	ENSMUSG00000008892	ENSMUSG00000000308
10090.ENSMUSP00000009234	10090.ENSMUSP00000003038	925	Ap1b1	Ap2a2	ENSMUSG00000009090	ENSMUSG00000002957
10090.ENSMUSP00000013304	10090.ENSMUSP00000004732	925	Atp6v0d1	Lim2	ENSMUSG00000013160	ENSMUSG00000118560
10090.ENSMUSP00000013807	10090.ENSMUSP00000006912	925	Pten	Pip4k2a	ENSMUSG00000013663	ENSMUSG00000026737
10090.ENSMUSP00000000193	10090.ENSMUSP00000009329	924	Ccl2	Ccl8	ENSMUSG00000035385	ENSMUSG00000009185
10090.ENSMUSP00000001147	10090.ENSMUSP00000005218	924	Col6a1	Cd44	ENSMUSG00000001119	ENSMUSG00000005087
10090.ENSMUSP00000002063	10090.ENSMUSP00000007216	924	Ap4e1	Ap2m1	ENSMUSG00000001998	ENSMUSG00000022841
10090.ENSMUSP00000002487	10090.ENSMUSP00000005164	924	Braf	Prkacb	ENSMUSG00000002413	ENSMUSG00000005034
10090.ENSMUSP00000004377	10090.ENSMUSP00000014290	924	Ptpn6	Apbb1ip	ENSMUSG00000004266	ENSMUSG00000026786
10090.ENSMUSP00000004990	10090.ENSMUSP00000009550	924	Mapk14	Elk1	ENSMUSG00000053436	ENSMUSG00000009406
10090.ENSMUSP00000005164	10090.ENSMUSP00000002487	924	Prkacb	Braf	ENSMUSG00000005034	ENSMUSG00000002413
10090.ENSMUSP00000005218	10090.ENSMUSP00000001147	924	Cd44	Col6a1	ENSMUSG00000005087	ENSMUSG00000001119
10090.ENSMUSP00000007216	10090.ENSMUSP00000002063	924	Ap2m1	Ap4e1	ENSMUSG00000022841	ENSMUSG00000001998
10090.ENSMUSP00000009329	10090.ENSMUSP00000000193	924	Ccl8	Ccl2	ENSMUSG00000009185	ENSMUSG00000035385
10090.ENSMUSP00000009550	10090.ENSMUSP00000004990	924	Elk1	Mapk14	ENSMUSG00000009406	ENSMUSG00000053436
10090.ENSMUSP00000014290	10090.ENSMUSP00000004377	924	Apbb1ip	Ptpn6	ENSMUSG00000026786	ENSMUSG00000004266
10090.ENSMUSP00000000001	10090.ENSMUSP00000004076	923	Gnai3	Grm3	ENSMUSG00000000001	ENSMUSG00000003974
10090.ENSMUSP00000000312	10090.ENSMUSP00000004646	923	Cdh1	Coro1c	ENSMUSG00000000303	ENSMUSG00000004530
10090.ENSMUSP00000002883	10090.ENSMUSP00000010941	923	Sfrp4	Wnt2	ENSMUSG00000021319	ENSMUSG00000010797
10090.ENSMUSP00000002926	10090.ENSMUSP00000004381	923	Pla1a	Lpcat3	ENSMUSG00000002847	ENSMUSG00000004270
10090.ENSMUSP00000003386	10090.ENSMUSP00000010550	923	Mrpl4	Mrpl52	ENSMUSG00000003299	ENSMUSG00000010406
10090.ENSMUSP00000004076	10090.ENSMUSP00000000001	923	Grm3	Gnai3	ENSMUSG00000003974	ENSMUSG00000000001
10090.ENSMUSP00000004381	10090.ENSMUSP00000002926	923	Lpcat3	Pla1a	ENSMUSG00000004270	ENSMUSG00000002847
10090.ENSMUSP00000004646	10090.ENSMUSP00000000312	923	Coro1c	Cdh1	ENSMUSG00000004530	ENSMUSG00000000303
10090.ENSMUSP00000005066	10090.ENSMUSP00000005606	923	Map2k1	Prkaca	ENSMUSG00000004936	ENSMUSG00000005469
10090.ENSMUSP00000005066	10090.ENSMUSP00000007708	923	Map2k1	Ppp2r1a	ENSMUSG00000004936	ENSMUSG00000007564
10090.ENSMUSP00000005606	10090.ENSMUSP00000005066	923	Prkaca	Map2k1	ENSMUSG00000005469	ENSMUSG00000004936
10090.ENSMUSP00000007708	10090.ENSMUSP00000005066	923	Ppp2r1a	Map2k1	ENSMUSG00000007564	ENSMUSG00000004936
10090.ENSMUSP00000010550	10090.ENSMUSP00000003386	923	Mrpl52	Mrpl4	ENSMUSG00000010406	ENSMUSG00000003299
10090.ENSMUSP00000010941	10090.ENSMUSP00000002883	923	Wnt2	Sfrp4	ENSMUSG00000010797	ENSMUSG00000021319
10090.ENSMUSP00000000312	10090.ENSMUSP00000001569	922	Cdh1	Flot1	ENSMUSG00000000303	ENSMUSG00000059714
10090.ENSMUSP00000000696	10090.ENSMUSP00000005592	922	Cd52	Siglecg	ENSMUSG00000000682	ENSMUSG00000030468
10090.ENSMUSP00000001569	10090.ENSMUSP00000000312	922	Flot1	Cdh1	ENSMUSG00000059714	ENSMUSG00000000303
10090.ENSMUSP00000002487	10090.ENSMUSP00000005606	922	Braf	Prkaca	ENSMUSG00000002413	ENSMUSG00000005469
10090.ENSMUSP00000004560	10090.ENSMUSP00000006235	922	Bid	Ctsb	ENSMUSG00000004446	ENSMUSG00000021939
10090.ENSMUSP00000005592	10090.ENSMUSP00000000696	922	Siglecg	Cd52	ENSMUSG00000030468	ENSMUSG00000000682
10090.ENSMUSP00000005606	10090.ENSMUSP00000002487	922	Prkaca	Braf	ENSMUSG00000005469	ENSMUSG00000002413
10090.ENSMUSP00000005830	10090.ENSMUSP00000008477	922	Bcas2	Snrpb2	ENSMUSG00000005687	ENSMUSG00000008333
10090.ENSMUSP00000006235	10090.ENSMUSP00000004560	922	Ctsb	Bid	ENSMUSG00000021939	ENSMUSG00000004446
10090.ENSMUSP00000008477	10090.ENSMUSP00000005830	922	Snrpb2	Bcas2	ENSMUSG00000008333	ENSMUSG00000005687
10090.ENSMUSP00000013807	10090.ENSMUSP00000013970	922	Pten	Pip4k2c	ENSMUSG00000013663	ENSMUSG00000025417
10090.ENSMUSP00000013970	10090.ENSMUSP00000013807	922	Pip4k2c	Pten	ENSMUSG00000025417	ENSMUSG00000013663
10090.ENSMUSP00000000175	10090.ENSMUSP00000013737	921	Sdhd	Ndufs2	ENSMUSG00000000171	ENSMUSG00000013593
10090.ENSMUSP00000000718	10090.ENSMUSP00000001780	921	Tcl1b4	Akt1	ENSMUSG00000079007	ENSMUSG00000001729
10090.ENSMUSP00000001319	10090.ENSMUSP00000004036	921	Efnb2	Efnb3	ENSMUSG00000001300	ENSMUSG00000003934
10090.ENSMUSP00000001419	10090.ENSMUSP00000008477	921	Zmat2	Snrpb2	ENSMUSG00000001383	ENSMUSG00000008333
10090.ENSMUSP00000001709	10090.ENSMUSP00000001711	921	Hoxc5	Hoxc6	ENSMUSG00000022485	ENSMUSG00000001661
10090.ENSMUSP00000001711	10090.ENSMUSP00000001709	921	Hoxc6	Hoxc5	ENSMUSG00000001661	ENSMUSG00000022485
10090.ENSMUSP00000001780	10090.ENSMUSP00000000718	921	Akt1	Tcl1b4	ENSMUSG00000001729	ENSMUSG00000079007
10090.ENSMUSP00000002397	10090.ENSMUSP00000005829	921	Gmpr2	Ampd3	ENSMUSG00000002326	ENSMUSG00000005686
10090.ENSMUSP00000004036	10090.ENSMUSP00000001319	921	Efnb3	Efnb2	ENSMUSG00000003934	ENSMUSG00000001300
10090.ENSMUSP00000005606	10090.ENSMUSP00000005671	921	Prkaca	Igf1r	ENSMUSG00000005469	ENSMUSG00000005533
10090.ENSMUSP00000005671	10090.ENSMUSP00000005606	921	Igf1r	Prkaca	ENSMUSG00000005533	ENSMUSG00000005469
10090.ENSMUSP00000005829	10090.ENSMUSP00000002397	921	Ampd3	Gmpr2	ENSMUSG00000005686	ENSMUSG00000002326
10090.ENSMUSP00000008477	10090.ENSMUSP00000001419	921	Snrpb2	Zmat2	ENSMUSG00000008333	ENSMUSG00000001383
10090.ENSMUSP00000013737	10090.ENSMUSP00000000175	921	Ndufs2	Sdhd	ENSMUSG00000013593	ENSMUSG00000000171
10090.ENSMUSP00000000451	10090.ENSMUSP00000005164	920	Raf1	Prkacb	ENSMUSG00000000441	ENSMUSG00000005034
10090.ENSMUSP00000000451	10090.ENSMUSP00000005606	920	Raf1	Prkaca	ENSMUSG00000000441	ENSMUSG00000005469
10090.ENSMUSP00000000767	10090.ENSMUSP00000005503	920	Rpa1	Msh6	ENSMUSG00000000751	ENSMUSG00000005370
10090.ENSMUSP00000001479	10090.ENSMUSP00000005003	920	Kpnb1	Lbr	ENSMUSG00000001440	ENSMUSG00000004880
10090.ENSMUSP00000001950	10090.ENSMUSP00000004949	920	Tollip	Traf6	ENSMUSG00000025139	ENSMUSG00000027164
10090.ENSMUSP00000002101	10090.ENSMUSP00000004377	920	Cd3g	Ptpn6	ENSMUSG00000002033	ENSMUSG00000004266
10090.ENSMUSP00000004377	10090.ENSMUSP00000002101	920	Ptpn6	Cd3g	ENSMUSG00000004266	ENSMUSG00000002033
10090.ENSMUSP00000004565	10090.ENSMUSP00000007959	920	Ralb	Rhoa	ENSMUSG00000004451	ENSMUSG00000007815
10090.ENSMUSP00000004949	10090.ENSMUSP00000001950	920	Traf6	Tollip	ENSMUSG00000027164	ENSMUSG00000025139
10090.ENSMUSP00000005003	10090.ENSMUSP00000001479	920	Lbr	Kpnb1	ENSMUSG00000004880	ENSMUSG00000001440
10090.ENSMUSP00000005164	10090.ENSMUSP00000000451	920	Prkacb	Raf1	ENSMUSG00000005034	ENSMUSG00000000441
10090.ENSMUSP00000005164	10090.ENSMUSP00000005671	920	Prkacb	Igf1r	ENSMUSG00000005034	ENSMUSG00000005533
10090.ENSMUSP00000005503	10090.ENSMUSP00000000767	920	Msh6	Rpa1	ENSMUSG00000005370	ENSMUSG00000000751
10090.ENSMUSP00000005503	10090.ENSMUSP00000006856	920	Msh6	Pola1	ENSMUSG00000005370	ENSMUSG00000006678
10090.ENSMUSP00000005606	10090.ENSMUSP00000000451	920	Prkaca	Raf1	ENSMUSG00000005469	ENSMUSG00000000441
10090.ENSMUSP00000005671	10090.ENSMUSP00000005164	920	Igf1r	Prkacb	ENSMUSG00000005533	ENSMUSG00000005034
10090.ENSMUSP00000006856	10090.ENSMUSP00000005503	920	Pola1	Msh6	ENSMUSG00000006678	ENSMUSG00000005370
10090.ENSMUSP00000007959	10090.ENSMUSP00000004565	920	Rhoa	Ralb	ENSMUSG00000007815	ENSMUSG00000004451
10090.ENSMUSP00000000001	10090.ENSMUSP00000006005	919	Gnai3	Pth1r	ENSMUSG00000000001	ENSMUSG00000032492
10090.ENSMUSP00000000161	10090.ENSMUSP00000001055	919	Itgb2l	Icam2	ENSMUSG00000000157	ENSMUSG00000001029
10090.ENSMUSP00000001055	10090.ENSMUSP00000000161	919	Icam2	Itgb2l	ENSMUSG00000001029	ENSMUSG00000000157
10090.ENSMUSP00000001569	10090.ENSMUSP00000007130	919	Flot1	Ctnnb1	ENSMUSG00000059714	ENSMUSG00000006932
10090.ENSMUSP00000006005	10090.ENSMUSP00000000001	919	Pth1r	Gnai3	ENSMUSG00000032492	ENSMUSG00000000001
10090.ENSMUSP00000007130	10090.ENSMUSP00000001569	919	Ctnnb1	Flot1	ENSMUSG00000006932	ENSMUSG00000059714
10090.ENSMUSP00000007959	10090.ENSMUSP00000009003	919	Rhoa	Rala	ENSMUSG00000007815	ENSMUSG00000008859
10090.ENSMUSP00000009003	10090.ENSMUSP00000007959	919	Rala	Rhoa	ENSMUSG00000008859	ENSMUSG00000007815
10090.ENSMUSP00000010804	10090.ENSMUSP00000013807	919	Plcd1	Pten	ENSMUSG00000010660	ENSMUSG00000013663
10090.ENSMUSP00000013807	10090.ENSMUSP00000010804	919	Pten	Plcd1	ENSMUSG00000013663	ENSMUSG00000010660
10090.ENSMUSP00000000219	10090.ENSMUSP00000007449	918	Th	Akr1b7	ENSMUSG00000000214	ENSMUSG00000052131
10090.ENSMUSP00000001155	10090.ENSMUSP00000005164	918	Araf	Prkacb	ENSMUSG00000001127	ENSMUSG00000005034
10090.ENSMUSP00000001181	10090.ENSMUSP00000005218	918	Col6a2	Cd44	ENSMUSG00000020241	ENSMUSG00000005087
10090.ENSMUSP00000002979	10090.ENSMUSP00000005218	918	Lamb1	Cd44	ENSMUSG00000002900	ENSMUSG00000005087
10090.ENSMUSP00000003850	10090.ENSMUSP00000006286	918	Itpkc	Inpp5k	ENSMUSG00000003752	ENSMUSG00000006127
10090.ENSMUSP00000005164	10090.ENSMUSP00000001155	918	Prkacb	Araf	ENSMUSG00000005034	ENSMUSG00000001127
10090.ENSMUSP00000005218	10090.ENSMUSP00000001181	918	Cd44	Col6a2	ENSMUSG00000005087	ENSMUSG00000020241
10090.ENSMUSP00000005218	10090.ENSMUSP00000002979	918	Cd44	Lamb1	ENSMUSG00000005087	ENSMUSG00000002900
10090.ENSMUSP00000006286	10090.ENSMUSP00000003850	918	Inpp5k	Itpkc	ENSMUSG00000006127	ENSMUSG00000003752
10090.ENSMUSP00000007005	10090.ENSMUSP00000010795	918	Acat2	Acaa1b	ENSMUSG00000023832	ENSMUSG00000010651
10090.ENSMUSP00000007449	10090.ENSMUSP00000000219	918	Akr1b7	Th	ENSMUSG00000052131	ENSMUSG00000000214
10090.ENSMUSP00000010795	10090.ENSMUSP00000007005	918	Acaa1b	Acat2	ENSMUSG00000010651	ENSMUSG00000023832
10090.ENSMUSP00000000161	10090.ENSMUSP00000005889	917	Itgb2l	Vav1	ENSMUSG00000000157	ENSMUSG00000034116
10090.ENSMUSP00000000299	10090.ENSMUSP00000001040	917	Itgb2	Icam4	ENSMUSG00000000290	ENSMUSG00000001014
10090.ENSMUSP00000001040	10090.ENSMUSP00000000299	917	Icam4	Itgb2	ENSMUSG00000001014	ENSMUSG00000000290
10090.ENSMUSP00000005889	10090.ENSMUSP00000000161	917	Vav1	Itgb2l	ENSMUSG00000034116	ENSMUSG00000000157
10090.ENSMUSP00000007130	10090.ENSMUSP00000013807	917	Ctnnb1	Pten	ENSMUSG00000006932	ENSMUSG00000013663
10090.ENSMUSP00000009774	10090.ENSMUSP00000013130	917	Ppp2cb	Strn3	ENSMUSG00000009630	ENSMUSG00000020954
10090.ENSMUSP00000013130	10090.ENSMUSP00000009774	917	Strn3	Ppp2cb	ENSMUSG00000020954	ENSMUSG00000009630
10090.ENSMUSP00000013807	10090.ENSMUSP00000007130	917	Pten	Ctnnb1	ENSMUSG00000013663	ENSMUSG00000006932
10090.ENSMUSP00000001155	10090.ENSMUSP00000005606	916	Araf	Prkaca	ENSMUSG00000001127	ENSMUSG00000005469
10090.ENSMUSP00000001507	10090.ENSMUSP00000006692	916	Cyp51	Mvd	ENSMUSG00000001467	ENSMUSG00000006517
10090.ENSMUSP00000002456	10090.ENSMUSP00000006764	916	Nt5c1b	Aprt	ENSMUSG00000020622	ENSMUSG00000006589
10090.ENSMUSP00000002848	10090.ENSMUSP00000005164	916	Grin2d	Prkacb	ENSMUSG00000002771	ENSMUSG00000005034
10090.ENSMUSP00000002848	10090.ENSMUSP00000005606	916	Grin2d	Prkaca	ENSMUSG00000002771	ENSMUSG00000005469
10090.ENSMUSP00000003622	10090.ENSMUSP00000005826	916	Slc25a1	Cs	ENSMUSG00000003528	ENSMUSG00000005683
10090.ENSMUSP00000005164	10090.ENSMUSP00000002848	916	Prkacb	Grin2d	ENSMUSG00000005034	ENSMUSG00000002771
10090.ENSMUSP00000005606	10090.ENSMUSP00000001155	916	Prkaca	Araf	ENSMUSG00000005469	ENSMUSG00000001127
10090.ENSMUSP00000005606	10090.ENSMUSP00000002848	916	Prkaca	Grin2d	ENSMUSG00000005469	ENSMUSG00000002771
10090.ENSMUSP00000005815	10090.ENSMUSP00000006293	916	Kit	Crkl	ENSMUSG00000005672	ENSMUSG00000006134
10090.ENSMUSP00000005826	10090.ENSMUSP00000003622	916	Cs	Slc25a1	ENSMUSG00000005683	ENSMUSG00000003528
10090.ENSMUSP00000006293	10090.ENSMUSP00000005815	916	Crkl	Kit	ENSMUSG00000006134	ENSMUSG00000005672
10090.ENSMUSP00000006692	10090.ENSMUSP00000001507	916	Mvd	Cyp51	ENSMUSG00000006517	ENSMUSG00000001467
10090.ENSMUSP00000006764	10090.ENSMUSP00000002456	916	Aprt	Nt5c1b	ENSMUSG00000006589	ENSMUSG00000020622
10090.ENSMUSP00000000153	10090.ENSMUSP00000005671	915	Gna12	Igf1r	ENSMUSG00000000149	ENSMUSG00000005533
10090.ENSMUSP00000003620	10090.ENSMUSP00000009789	915	Prodh	P4ha1	ENSMUSG00000003526	ENSMUSG00000019916
10090.ENSMUSP00000003947	10090.ENSMUSP00000005548	915	Nqo1	Hmox1	ENSMUSG00000003849	ENSMUSG00000005413
10090.ENSMUSP00000004222	10090.ENSMUSP00000005607	915	Hira	Asf1b	ENSMUSG00000022702	ENSMUSG00000005470
10090.ENSMUSP00000005509	10090.ENSMUSP00000010038	915	Stx1a	Snap47	ENSMUSG00000007207	ENSMUSG00000009894
10090.ENSMUSP00000005548	10090.ENSMUSP00000003947	915	Hmox1	Nqo1	ENSMUSG00000005413	ENSMUSG00000003849
10090.ENSMUSP00000005607	10090.ENSMUSP00000004222	915	Asf1b	Hira	ENSMUSG00000005470	ENSMUSG00000022702
10090.ENSMUSP00000005671	10090.ENSMUSP00000000153	915	Igf1r	Gna12	ENSMUSG00000005533	ENSMUSG00000000149
10090.ENSMUSP00000009789	10090.ENSMUSP00000003620	915	P4ha1	Prodh	ENSMUSG00000019916	ENSMUSG00000003526
10090.ENSMUSP00000010038	10090.ENSMUSP00000005509	915	Snap47	Stx1a	ENSMUSG00000009894	ENSMUSG00000007207
10090.ENSMUSP00000000642	10090.ENSMUSP00000010127	914	Hk2	Tktl1	ENSMUSG00000000628	ENSMUSG00000031397
10090.ENSMUSP00000010127	10090.ENSMUSP00000000642	914	Tktl1	Hk2	ENSMUSG00000031397	ENSMUSG00000000628
10090.ENSMUSP00000002818	10090.ENSMUSP00000005509	913	Ykt6	Stx1a	ENSMUSG00000002741	ENSMUSG00000007207
10090.ENSMUSP00000004920	10090.ENSMUSP00000009774	913	Ulk2	Ppp2cb	ENSMUSG00000004798	ENSMUSG00000009630
10090.ENSMUSP00000005509	10090.ENSMUSP00000002818	913	Stx1a	Ykt6	ENSMUSG00000007207	ENSMUSG00000002741
10090.ENSMUSP00000009774	10090.ENSMUSP00000004920	913	Ppp2cb	Ulk2	ENSMUSG00000009630	ENSMUSG00000004798
10090.ENSMUSP00000014545	10090.ENSMUSP00000014546	913	Ldhc	Tsg101	ENSMUSG00000030851	ENSMUSG00000014402
10090.ENSMUSP00000014546	10090.ENSMUSP00000014545	913	Tsg101	Ldhc	ENSMUSG00000014402	ENSMUSG00000030851
10090.ENSMUSP00000000001	10090.ENSMUSP00000001652	912	Gnai3	Bdkrb2	ENSMUSG00000000001	ENSMUSG00000021070
10090.ENSMUSP00000001652	10090.ENSMUSP00000000001	912	Bdkrb2	Gnai3	ENSMUSG00000021070	ENSMUSG00000000001
10090.ENSMUSP00000002663	10090.ENSMUSP00000003071	912	Pon1	Apoc4	ENSMUSG00000002588	ENSMUSG00000074336
10090.ENSMUSP00000003071	10090.ENSMUSP00000002663	912	Apoc4	Pon1	ENSMUSG00000074336	ENSMUSG00000002588
10090.ENSMUSP00000003754	10090.ENSMUSP00000004480	912	Calb2	Sst	ENSMUSG00000003657	ENSMUSG00000004366
10090.ENSMUSP00000004036	10090.ENSMUSP00000006614	912	Efnb3	Epha2	ENSMUSG00000003934	ENSMUSG00000006445
10090.ENSMUSP00000004480	10090.ENSMUSP00000003754	912	Sst	Calb2	ENSMUSG00000004366	ENSMUSG00000003657
10090.ENSMUSP00000006181	10090.ENSMUSP00000009538	912	Napa	Syn2	ENSMUSG00000006024	ENSMUSG00000009394
10090.ENSMUSP00000006614	10090.ENSMUSP00000004036	912	Epha2	Efnb3	ENSMUSG00000006445	ENSMUSG00000003934
10090.ENSMUSP00000007130	10090.ENSMUSP00000014370	912	Ctnnb1	Cacybp	ENSMUSG00000006932	ENSMUSG00000014226
10090.ENSMUSP00000009538	10090.ENSMUSP00000006181	912	Syn2	Napa	ENSMUSG00000009394	ENSMUSG00000006024
10090.ENSMUSP00000014370	10090.ENSMUSP00000007130	912	Cacybp	Ctnnb1	ENSMUSG00000014226	ENSMUSG00000006932
10090.ENSMUSP00000000450	10090.ENSMUSP00000000925	911	Pparg	Smarcb1	ENSMUSG00000000440	ENSMUSG00000000902
10090.ENSMUSP00000000925	10090.ENSMUSP00000000450	911	Smarcb1	Pparg	ENSMUSG00000000902	ENSMUSG00000000440
10090.ENSMUSP00000001569	10090.ENSMUSP00000004646	911	Flot1	Coro1c	ENSMUSG00000059714	ENSMUSG00000004530
10090.ENSMUSP00000004646	10090.ENSMUSP00000001569	911	Coro1c	Flot1	ENSMUSG00000004530	ENSMUSG00000059714
10090.ENSMUSP00000000001	10090.ENSMUSP00000005671	910	Gnai3	Igf1r	ENSMUSG00000000001	ENSMUSG00000005533
10090.ENSMUSP00000000049	10090.ENSMUSP00000003071	910	Apoh	Apoc4	ENSMUSG00000000049	ENSMUSG00000074336
10090.ENSMUSP00000000756	10090.ENSMUSP00000003386	910	Rpl13	Mrpl4	ENSMUSG00000000740	ENSMUSG00000003299
10090.ENSMUSP00000003071	10090.ENSMUSP00000000049	910	Apoc4	Apoh	ENSMUSG00000074336	ENSMUSG00000000049
10090.ENSMUSP00000003386	10090.ENSMUSP00000000756	910	Mrpl4	Rpl13	ENSMUSG00000003299	ENSMUSG00000000740
10090.ENSMUSP00000004172	10090.ENSMUSP00000005548	910	Hmox2	Hmox1	ENSMUSG00000004070	ENSMUSG00000005413
10090.ENSMUSP00000005548	10090.ENSMUSP00000004172	910	Hmox1	Hmox2	ENSMUSG00000005413	ENSMUSG00000004070
10090.ENSMUSP00000005671	10090.ENSMUSP00000000001	910	Igf1r	Gnai3	ENSMUSG00000005533	ENSMUSG00000000001
10090.ENSMUSP00000001451	10090.ENSMUSP00000001809	909	Smg5	Pabpc1	ENSMUSG00000001415	ENSMUSG00000022283
10090.ENSMUSP00000001809	10090.ENSMUSP00000001451	909	Pabpc1	Smg5	ENSMUSG00000022283	ENSMUSG00000001415
10090.ENSMUSP00000002395	10090.ENSMUSP00000002839	909	Rec8	Ppp2r5d	ENSMUSG00000002324	ENSMUSG00000059409
10090.ENSMUSP00000002487	10090.ENSMUSP00000013807	909	Braf	Pten	ENSMUSG00000002413	ENSMUSG00000013663
10090.ENSMUSP00000002839	10090.ENSMUSP00000002395	909	Ppp2r5d	Rec8	ENSMUSG00000059409	ENSMUSG00000002324
10090.ENSMUSP00000003152	10090.ENSMUSP00000004684	909	Stk11	Arhgef18	ENSMUSG00000003068	ENSMUSG00000004568
10090.ENSMUSP00000004684	10090.ENSMUSP00000003152	909	Arhgef18	Stk11	ENSMUSG00000004568	ENSMUSG00000003068
10090.ENSMUSP00000006669	10090.ENSMUSP00000011058	909	Pdk1	Pdhx	ENSMUSG00000006494	ENSMUSG00000010914
10090.ENSMUSP00000011058	10090.ENSMUSP00000006669	909	Pdhx	Pdk1	ENSMUSG00000010914	ENSMUSG00000006494
10090.ENSMUSP00000013807	10090.ENSMUSP00000002487	909	Pten	Braf	ENSMUSG00000013663	ENSMUSG00000002413
10090.ENSMUSP00000000122	10090.ENSMUSP00000005406	908	Ngfr	App	ENSMUSG00000000120	ENSMUSG00000022892
10090.ENSMUSP00000000889	10090.ENSMUSP00000010605	908	Il4	Il12rb2	ENSMUSG00000000869	ENSMUSG00000018341
10090.ENSMUSP00000001419	10090.ENSMUSP00000007042	908	Zmat2	Ik	ENSMUSG00000001383	ENSMUSG00000024474
10090.ENSMUSP00000002043	10090.ENSMUSP00000006478	908	Ccdc47	Tmem147	ENSMUSG00000078622	ENSMUSG00000006315
10090.ENSMUSP00000002551	10090.ENSMUSP00000009220	908	Snrpd1	Zmat5	ENSMUSG00000002477	ENSMUSG00000009076
10090.ENSMUSP00000003451	10090.ENSMUSP00000007959	908	Rnd1	Rhoa	ENSMUSG00000054855	ENSMUSG00000007815
10090.ENSMUSP00000004622	10090.ENSMUSP00000004949	908	Gab2	Traf6	ENSMUSG00000004508	ENSMUSG00000027164
10090.ENSMUSP00000004920	10090.ENSMUSP00000005164	908	Ulk2	Prkacb	ENSMUSG00000004798	ENSMUSG00000005034
10090.ENSMUSP00000004949	10090.ENSMUSP00000004622	908	Traf6	Gab2	ENSMUSG00000027164	ENSMUSG00000004508
10090.ENSMUSP00000005164	10090.ENSMUSP00000004920	908	Prkacb	Ulk2	ENSMUSG00000005034	ENSMUSG00000004798
10090.ENSMUSP00000005406	10090.ENSMUSP00000000122	908	App	Ngfr	ENSMUSG00000022892	ENSMUSG00000000120
10090.ENSMUSP00000006478	10090.ENSMUSP00000002043	908	Tmem147	Ccdc47	ENSMUSG00000006315	ENSMUSG00000078622
10090.ENSMUSP00000007042	10090.ENSMUSP00000001419	908	Ik	Zmat2	ENSMUSG00000024474	ENSMUSG00000001383
10090.ENSMUSP00000007959	10090.ENSMUSP00000003451	908	Rhoa	Rnd1	ENSMUSG00000007815	ENSMUSG00000054855
10090.ENSMUSP00000009220	10090.ENSMUSP00000002551	908	Zmat5	Snrpd1	ENSMUSG00000009076	ENSMUSG00000002477
10090.ENSMUSP00000010605	10090.ENSMUSP00000000889	908	Il12rb2	Il4	ENSMUSG00000018341	ENSMUSG00000000869
10090.ENSMUSP00000011029	10090.ENSMUSP00000013845	908	Dnajc19	Timm23	ENSMUSG00000027679	ENSMUSG00000013701
10090.ENSMUSP00000013845	10090.ENSMUSP00000011029	908	Timm23	Dnajc19	ENSMUSG00000013701	ENSMUSG00000027679
10090.ENSMUSP00000003152	10090.ENSMUSP00000013807	907	Stk11	Pten	ENSMUSG00000003068	ENSMUSG00000013663
10090.ENSMUSP00000004920	10090.ENSMUSP00000005606	907	Ulk2	Prkaca	ENSMUSG00000004798	ENSMUSG00000005469
10090.ENSMUSP00000005606	10090.ENSMUSP00000004920	907	Prkaca	Ulk2	ENSMUSG00000005469	ENSMUSG00000004798
10090.ENSMUSP00000013807	10090.ENSMUSP00000003152	907	Pten	Stk11	ENSMUSG00000013663	ENSMUSG00000003068
10090.ENSMUSP00000000001	10090.ENSMUSP00000003370	906	Gnai3	Hck	ENSMUSG00000000001	ENSMUSG00000003283
10090.ENSMUSP00000002101	10090.ENSMUSP00000014290	906	Cd3g	Apbb1ip	ENSMUSG00000002033	ENSMUSG00000026786
10090.ENSMUSP00000002640	10090.ENSMUSP00000013970	906	Scin	Pip4k2c	ENSMUSG00000002565	ENSMUSG00000025417
10090.ENSMUSP00000003370	10090.ENSMUSP00000000001	906	Hck	Gnai3	ENSMUSG00000003283	ENSMUSG00000000001
10090.ENSMUSP00000013970	10090.ENSMUSP00000002640	906	Pip4k2c	Scin	ENSMUSG00000025417	ENSMUSG00000002565
10090.ENSMUSP00000014290	10090.ENSMUSP00000002101	906	Apbb1ip	Cd3g	ENSMUSG00000026786	ENSMUSG00000002033
10090.ENSMUSP00000000260	10090.ENSMUSP00000002456	905	Gmpr	Nt5c1b	ENSMUSG00000000253	ENSMUSG00000020622
10090.ENSMUSP00000000312	10090.ENSMUSP00000013807	905	Cdh1	Pten	ENSMUSG00000000303	ENSMUSG00000013663
10090.ENSMUSP00000001713	10090.ENSMUSP00000004134	905	Gstt1	Gstm5	ENSMUSG00000001663	ENSMUSG00000004032
10090.ENSMUSP00000001724	10090.ENSMUSP00000004203	905	Ddx18	Ppan	ENSMUSG00000001674	ENSMUSG00000004100
10090.ENSMUSP00000002397	10090.ENSMUSP00000002456	905	Gmpr2	Nt5c1b	ENSMUSG00000002326	ENSMUSG00000020622
10090.ENSMUSP00000002456	10090.ENSMUSP00000000260	905	Nt5c1b	Gmpr	ENSMUSG00000020622	ENSMUSG00000000253
10090.ENSMUSP00000002456	10090.ENSMUSP00000002397	905	Nt5c1b	Gmpr2	ENSMUSG00000020622	ENSMUSG00000002326
10090.ENSMUSP00000002914	10090.ENSMUSP00000005607	905	Chaf1a	Asf1b	ENSMUSG00000002835	ENSMUSG00000005470
10090.ENSMUSP00000002979	10090.ENSMUSP00000005532	905	Lamb1	Nid1	ENSMUSG00000002900	ENSMUSG00000005397
10090.ENSMUSP00000003946	10090.ENSMUSP00000007993	905	Nob1	Rbm28	ENSMUSG00000003848	ENSMUSG00000029701
10090.ENSMUSP00000004134	10090.ENSMUSP00000001713	905	Gstm5	Gstt1	ENSMUSG00000004032	ENSMUSG00000001663
10090.ENSMUSP00000004203	10090.ENSMUSP00000001724	905	Ppan	Ddx18	ENSMUSG00000004100	ENSMUSG00000001674
10090.ENSMUSP00000004330	10090.ENSMUSP00000005233	905	Ikbkg	Eif2ak4	ENSMUSG00000004221	ENSMUSG00000005102
10090.ENSMUSP00000005233	10090.ENSMUSP00000004330	905	Eif2ak4	Ikbkg	ENSMUSG00000005102	ENSMUSG00000004221
10090.ENSMUSP00000005532	10090.ENSMUSP00000002979	905	Nid1	Lamb1	ENSMUSG00000005397	ENSMUSG00000002900
10090.ENSMUSP00000005607	10090.ENSMUSP00000002914	905	Asf1b	Chaf1a	ENSMUSG00000005470	ENSMUSG00000002835
10090.ENSMUSP00000007993	10090.ENSMUSP00000003946	905	Rbm28	Nob1	ENSMUSG00000029701	ENSMUSG00000003848
10090.ENSMUSP00000013807	10090.ENSMUSP00000000312	905	Pten	Cdh1	ENSMUSG00000013663	ENSMUSG00000000303
10090.ENSMUSP00000000090	10090.ENSMUSP00000002452	904	Cox5a	Ndufa11	ENSMUSG00000000088	ENSMUSG00000002379
10090.ENSMUSP00000000161	10090.ENSMUSP00000000299	904	Itgb2l	Itgb2	ENSMUSG00000000157	ENSMUSG00000000290
10090.ENSMUSP00000000193	10090.ENSMUSP00000000342	904	Ccl2	Ccl11	ENSMUSG00000035385	ENSMUSG00000020676
10090.ENSMUSP00000000299	10090.ENSMUSP00000000161	904	Itgb2	Itgb2l	ENSMUSG00000000290	ENSMUSG00000000157
10090.ENSMUSP00000000342	10090.ENSMUSP00000000193	904	Ccl11	Ccl2	ENSMUSG00000020676	ENSMUSG00000035385
10090.ENSMUSP00000001186	10090.ENSMUSP00000002551	904	Snrnp27	Snrpd1	ENSMUSG00000001158	ENSMUSG00000002477
10090.ENSMUSP00000002452	10090.ENSMUSP00000000090	904	Ndufa11	Cox5a	ENSMUSG00000002379	ENSMUSG00000000088
10090.ENSMUSP00000002551	10090.ENSMUSP00000001186	904	Snrpd1	Snrnp27	ENSMUSG00000002477	ENSMUSG00000001158
10090.ENSMUSP00000006949	10090.ENSMUSP00000007449	904	Tph2	Akr1b7	ENSMUSG00000006764	ENSMUSG00000052131
10090.ENSMUSP00000007449	10090.ENSMUSP00000006949	904	Akr1b7	Tph2	ENSMUSG00000052131	ENSMUSG00000006764
10090.ENSMUSP00000001720	10090.ENSMUSP00000004770	903	Tat	Tyr	ENSMUSG00000001670	ENSMUSG00000004651
10090.ENSMUSP00000004770	10090.ENSMUSP00000001720	903	Tyr	Tat	ENSMUSG00000004651	ENSMUSG00000001670
10090.ENSMUSP00000010127	10090.ENSMUSP00000011896	903	Tktl1	Pgam1	ENSMUSG00000031397	ENSMUSG00000011752
10090.ENSMUSP00000011896	10090.ENSMUSP00000010127	903	Pgam1	Tktl1	ENSMUSG00000011752	ENSMUSG00000031397
10090.ENSMUSP00000000127	10090.ENSMUSP00000010044	902	Wnt3	Wnt3a	ENSMUSG00000000125	ENSMUSG00000009900
10090.ENSMUSP00000000466	10090.ENSMUSP00000003207	902	Plin2	Lipe	ENSMUSG00000028494	ENSMUSG00000003123
10090.ENSMUSP00000001326	10090.ENSMUSP00000006377	902	Sp1	Zbtb17	ENSMUSG00000001280	ENSMUSG00000006215
10090.ENSMUSP00000003207	10090.ENSMUSP00000000466	902	Lipe	Plin2	ENSMUSG00000003123	ENSMUSG00000028494
10090.ENSMUSP00000003386	10090.ENSMUSP00000008812	902	Mrpl4	Rps18	ENSMUSG00000003299	ENSMUSG00000008668
10090.ENSMUSP00000004990	10090.ENSMUSP00000007130	902	Mapk14	Ctnnb1	ENSMUSG00000053436	ENSMUSG00000006932
10090.ENSMUSP00000005692	10090.ENSMUSP00000007340	902	Atp4a	Atp12a	ENSMUSG00000005553	ENSMUSG00000022229
10090.ENSMUSP00000006377	10090.ENSMUSP00000001326	902	Zbtb17	Sp1	ENSMUSG00000006215	ENSMUSG00000001280
10090.ENSMUSP00000007130	10090.ENSMUSP00000004990	902	Ctnnb1	Mapk14	ENSMUSG00000006932	ENSMUSG00000053436
10090.ENSMUSP00000007340	10090.ENSMUSP00000005692	902	Atp12a	Atp4a	ENSMUSG00000022229	ENSMUSG00000005553
10090.ENSMUSP00000008812	10090.ENSMUSP00000003386	902	Rps18	Mrpl4	ENSMUSG00000008668	ENSMUSG00000003299
10090.ENSMUSP00000010044	10090.ENSMUSP00000000127	902	Wnt3a	Wnt3	ENSMUSG00000009900	ENSMUSG00000000125
10090.ENSMUSP00000000299	10090.ENSMUSP00000002765	901	Itgb2	Prkd1	ENSMUSG00000000290	ENSMUSG00000002688
10090.ENSMUSP00000000767	10090.ENSMUSP00000006856	901	Rpa1	Pola1	ENSMUSG00000000751	ENSMUSG00000006678
10090.ENSMUSP00000002765	10090.ENSMUSP00000000299	901	Prkd1	Itgb2	ENSMUSG00000002688	ENSMUSG00000000290
10090.ENSMUSP00000006856	10090.ENSMUSP00000000767	901	Pola1	Rpa1	ENSMUSG00000006678	ENSMUSG00000000751
10090.ENSMUSP00000000161	10090.ENSMUSP00000002765	900	Itgb2l	Prkd1	ENSMUSG00000000157	ENSMUSG00000002688
10090.ENSMUSP00000000369	10090.ENSMUSP00000005066	900	Rem1	Map2k1	ENSMUSG00000000359	ENSMUSG00000004936
10090.ENSMUSP00000002640	10090.ENSMUSP00000006912	900	Scin	Pip4k2a	ENSMUSG00000002565	ENSMUSG00000026737
10090.ENSMUSP00000002765	10090.ENSMUSP00000000161	900	Prkd1	Itgb2l	ENSMUSG00000002688	ENSMUSG00000000157
